Product,Arabic Name,Brand,SKU,Description,Allow Decimal Qty,Department,Category,UOM,Supply Price Inclusive VAT 15%,Sale Price Inclusive VAT 15%,Min Corporate Price,Max Corporate price,Department ID,Category ID,Sale Price Enclusive VAT 15%
PETROMIN GEAR OIL CHANGE 140 (1 PRESS),تغيير زيت تروس بترومين 140 (ضغطة واحدة),Saudi PETROMIN,OIL-101,PETROMIN GEAR OIL CHANGE 140 (1 PRESS) - Saudi branch stock item,TRUE,Oil Change Department,Gear Oil,Liter,2.4,3,1,6,20,1,2.608695652
SHIELD 20W50,شيلد 20W50,Saudi SHIELD,OIL-102,SHIELD 20W50 - Saudi branch stock item,TRUE,Oil Change Department,Other Oils,Liter,9.79,15,13,30,20,2,13.04347826
SHIELD 10W30,شيلد 10W30,Saudi SHIELD,OIL-103,SHIELD 10W30 - Saudi branch stock item,TRUE,Oil Change Department,Other Oils,Liter,10.21,15,13,30,20,2,13.04347826
Fuchs Gear Oil Press 90,فوكس مكبس زيت التروس 90,Saudi FUCHS,OIL-104,Fuchs Gear Oil Press 90 - Saudi branch stock item,TRUE,Oil Change Department,Gear Oil,Liter,3,3,1,6,20,1,2.608695652
Liqui Moly Electronic Spray 1832,ليكو مولي بخاخ إلكتروني 1832,Saudi LIQUI,PRO-105,Liqui Moly Electronic Spray 1832 - Saudi branch stock item,FALSE,Oil Change Department,Misc Products,Pcs,12.68,60,58,120,20,3,52.17391304
NISSAN ATF CVT NS3,نيسان ATF CVT NS3,Saudi NISSAN,OIL-106,NISSAN ATF CVT NS3 - Saudi branch stock item,TRUE,Oil Change Department,Gear Oil,Liter,50.3,60,58,120,20,1,52.17391304
Kixx 5W30,كيكس 5W30,Saudi KIXX,OIL-107,Kixx 5W30 - Saudi branch stock item,TRUE,Oil Change Department,Other Oils,Liter,20.66,28,26,56,20,2,24.34782609
HYUNDAI XTEER DIESEL10W40,هيونداي إكستير ديزل 10W40,Saudi HYUNDAI,OIL-108,HYUNDAI XTEER DIESEL10W40 - Saudi branch stock item,TRUE,Oil Change Department,Other Oils,Liter,18.12,24,22,48,20,2,20.86956522
Mitsubishi ATF SP III M2320016 1Ltr,ميتسوبيشي ATF SP III M2320016 لتر واحد,Saudi MITSUBISHI,OIL-109,Mitsubishi ATF SP III M2320016 1Ltr - Saudi branch stock item,TRUE,Oil Change Department,Gear Oil,Liter,21.56,35,33,70,20,1,30.43478261
PETROMIN Hydraulic Oil AW37,زيت هيدروليكي بترومين AW37,Saudi PETROMIN,OIL-110,PETROMIN Hydraulic Oil AW37 - Saudi branch stock item,TRUE,Oil Change Department,Gear Oil,Liter,9.2,12,10,24,20,1,10.43478261
GULF SUPER MAX 10W30,جلف سوبر ماكس 10W30,Saudi GULF,OIL-111,GULF SUPER MAX 10W30 - Saudi branch stock item,TRUE,Oil Change Department,Other Oils,Liter,12.29,17,15,34,20,2,14.7826087
ATF Hyundai SP CVT1 Gear Oil,زيت تروس هيونداي ATF SP CVT1,Saudi ATF,OIL-112,ATF Hyundai SP CVT1 Gear Oil - Saudi branch stock item,TRUE,Oil Change Department,Gear Oil,Liter,51.5,75,73,150,20,1,65.2173913
HONDA CVTF HCF-2 Gear Oil,هوندا CVTF HCF-2,Saudi HONDA,OIL-113,HONDA CVTF HCF-2 Gear Oil - Saudi branch stock item,TRUE,Oil Change Department,Gear Oil,Liter,29.5,44,42,88,20,1,38.26086957
Brake Fluid,سائل الفرامل,Saudi BRAKE,PRO-114,Brake Fluid - Saudi branch stock item,FALSE,Oil Change Department,Misc Products,Bottle,1.82,5,3,10,20,3,4.347826087
MAZDA ATF FZ 1Ltr,مازدا ATF FZ لتر واحد,Saudi MAZDA,OIL-115,MAZDA ATF FZ 1Ltr - Saudi branch stock item,TRUE,Oil Change Department,Gear Oil,Liter,75,100,98,200,20,1,86.95652174
ATF Toyota T-IV 4 Ltr 08886-81895,تويوتا ATF T-IV 4 لتر 08886-81895,Saudi ATF,OIL-116,ATF Toyota T-IV 4 Ltr 08886-81895 - Saudi branch stock item,TRUE,Oil Change Department,Gear Oil,Liter,25,35,33,70,20,1,30.43478261
ATF Hyundai SP IV RR 8 Speed Gear Oil,هيونداي ATF SP IV RR زيت تروس 8 سرعات,Saudi ATF,OIL-117,ATF Hyundai SP IV RR 8 Speed Gear Oil - Saudi branch stock item,TRUE,Oil Change Department,Gear Oil,Liter,77,85,83,170,20,1,73.91304348
Mobil 20W40 1Ltr,موبيل 20W40 لتر واحد,Saudi MOBIL,OIL-118,Mobil 20W40 1Ltr - Saudi branch stock item,TRUE,Oil Change Department,Other Oils,Liter,9.58,14,12,28,20,2,12.17391304
TOYOTA Oil 0W16,زيت تويوتا 0W16,Saudi TOYOTA,OIL-119,TOYOTA Oil 0W16 - Saudi branch stock item,TRUE,Oil Change Department,TOYOTA Oil,Liter,30.42,39,37,78,20,4,33.91304348
VALVOLINE 5W20,فالفولين 5W20,Saudi VALVOLINE,OIL-120,VALVOLINE 5W20 - Saudi branch stock item,TRUE,Oil Change Department,Other Oils,Liter,0,24.5,22.5,49,20,2,21.30434783
PETROMIN 0W20,بترومين 0W20,Saudi PETROMIN,OIL-121,PETROMIN 0W20 - Saudi branch stock item,TRUE,Oil Change Department,Petromin Oil,Liter,34.5,37,35,74,20,5,32.17391304
ENGINE FILTER ELANTRA 4H000,فلتر محرك إلنترا 4H000,Saudi ENGINE,FLT-122,ENGINE FILTER ELANTRA 4H000 - Saudi branch stock item,FALSE,Oil Change Department,Engine Filter,Pcs,24,40,38,80,20,6,34.7826087
GULF 10W30,جلف 10W30,Saudi GULF,OIL-123,GULF 10W30 - Saudi branch stock item,TRUE,Oil Change Department,Other Oils,Liter,11.46,17,15,34,20,2,14.7826087
Oil Filter Corner D4,فلتر زيت كورنر D4,Saudi OIL,FLT-124,Oil Filter Corner D4 - Saudi branch stock item,FALSE,Oil Change Department,Other Oil Filters,Pcs,8.85,14,12,28,20,7,12.17391304
AC DELCO 0W20,إيه سي ديلكو 0W20,Saudi AC,OIL-125,AC DELCO 0W20 - Saudi branch stock item,TRUE,Oil Change Department,Other Oils,Liter,29.13,37,35,74,20,2,32.17391304
AMERICAN OIL FILTER 457 G,أمريكان أويل فلتر 457 G,Saudi AMERICAN,FLT-126,AMERICAN OIL FILTER 457 G - Saudi branch stock item,FALSE,Oil Change Department,Other Oil Filters,Pcs,20,37,35,74,20,7,32.17391304
Stone AC Filter 2H000,ستون إيه سي فلتر 2H000,Saudi STONE,FLT-127,Stone AC Filter 2H000 - Saudi branch stock item,FALSE,Oil Change Department,AC Filters,Pcs,15,40,38,80,20,8,34.7826087
OIL FILTER MAZDA 302B BIG,فلتر زيت مازدا 302B كبير,Saudi OIL,FLT-128,OIL FILTER MAZDA 302B BIG - Saudi branch stock item,FALSE,Oil Change Department,Other Oil Filters,Pcs,21,30,28,60,20,7,26.08695652
Shell Rotella 20W50,شل روتيلا 20W50,Saudi SHELL,OIL-129,Shell Rotella 20W50 - Saudi branch stock item,TRUE,Oil Change Department,Shell Oil,Liter,11.67,15,13,30,20,9,13.04347826
CAMRY ENGINE FILTER 0H020,فلتر محرك كامري 0H020,Saudi CAMRY,FLT-130,CAMRY ENGINE FILTER 0H020 - Saudi branch stock item,FALSE,Oil Change Department,Engine Filter,Pcs,10,35,33,70,20,6,30.43478261
AMERICAN OIL FILTER PF52E,أمريكان أويل فلتر PF52E,Saudi AMERICAN,FLT-131,AMERICAN OIL FILTER PF52E - Saudi branch stock item,FALSE,Oil Change Department,Other Oil Filters,Pcs,14.5,25,23,50,20,7,21.73913043
OIL FILTER ISUZU 27 DIESEL ORIGINAL,فلتر زيت إيسوزو 27 ديزل أصلي,Saudi OIL,FLT-132,OIL FILTER ISUZU 27 DIESEL ORIGINAL - Saudi branch stock item,FALSE,Oil Change Department,Other Oil Filters,Pcs,27.9,55,53,110,20,7,47.82608696
OIL FILTER MOPAR 744 SMALL,فلتر زيت موبار 744 صغير,Saudi OIL,FLT-133,OIL FILTER MOPAR 744 SMALL - Saudi branch stock item,FALSE,Oil Change Department,Other Oil Filters,Pcs,23,45,43,90,20,7,39.13043478
AC filter F2000 Accent,فلتر إيه سي F2000 أكسنت,Saudi AC,FLT-134,AC filter F2000 Accent - Saudi branch stock item,FALSE,Oil Change Department,AC Filters,Pcs,10.5,30,28,60,20,8,26.08695652
Petromin Grease MP2 15KG,شحم بترومين MP2 15 كجم,Saudi PETROMIN,PRO-135,Petromin Grease MP2 15KG - Saudi branch stock item,FALSE,Oil Change Department,Misc Products,Pcs,13,18.94,16.94,37.88,20,3,16.46956522
FORD Oil Filter FL - 2137 / 2088,فلتر زيت فورد FL - 2137 / 2088,Saudi FORD,FLT-136,FORD Oil Filter FL - 2137 / 2088 - Saudi branch stock item,FALSE,Oil Change Department,Other Oil Filters,Pcs,40,65,63,130,20,7,56.52173913
OIL FILTER Land cruiser Diesel 30002,فلتر زيت لاند كروزر ديزل ٣٠٠٠٢,Saudi OIL,FLT-137,OIL FILTER Land cruiser Diesel 30002 - Saudi branch stock item,FALSE,Oil Change Department,Other Oil Filters,Pcs,47,65,63,130,20,7,56.52173913
Toyota camry engine filter 2018 - 009,فلتر محرك تويوتا كامري ٢٠١٨ - ٠٠٩,Saudi TOYOTA,FLT-138,Toyota camry engine filter 2018 - 009 - Saudi branch stock item,FALSE,Oil Change Department,Engine Filter,Pcs,33.5,45,43,90,20,6,39.13043478
Mitsubishi Filter STONE FSR 968,فلتر ميتسوبيشي ستون FSR ٩٦٨,Saudi MITSUBISHI,FLT-139,Mitsubishi Filter STONE FSR 968 - Saudi branch stock item,FALSE,Oil Change Department,Other Oil Filters,Pcs,33,50,48,100,20,7,43.47826087
AC DELCO 5W30,زيت AC DELCO ٥W٣٠,Saudi AC,OIL-140,AC DELCO 5W30 - Saudi branch stock item,TRUE,Oil Change Department,Other Oils,Liter,27.5,36,34,72,20,2,31.30434783
American Filter Colarad PF 64,فلتر أمريكان فلتر كولوراد PF ٦٤,Saudi AMERICAN,FLT-141,American Filter Colarad PF 64 - Saudi branch stock item,FALSE,Oil Change Department,Other Oil Filters,Pcs,15.5,25,23,50,20,7,21.73913043
Coolant ACDELCO 62645 Red 4Ltr,سائل تبريد ACDELCO ٦٢٦٤٥ أحمر ٤ لتر,Saudi COOLANT,PRO-142,Coolant ACDELCO 62645 Red 4Ltr - Saudi branch stock item,FALSE,Oil Change Department,Misc Products,Can,36.67,55,53,110,20,3,47.82608696
Liqui Moly Engine Flush Plus 8374,منظف محرك ليكوي مولي بلس ٨٣٧٤,Saudi LIQUI,OIL-143,Liqui Moly Engine Flush Plus 8374 - Saudi branch stock item,FALSE,Oil Change Department,Gear Oil,Pcs,28,45,43,90,20,1,39.13043478
AC HILEX NEW 2019 TOPEX 0K070,زيت AC HILEX جديد ٢٠١٩ توبكس ٠K٠٧٠,Saudi AC,FLT-144,AC HILEX NEW 2019 TOPEX 0K070 - Saudi branch stock item,FALSE,Oil Change Department,AC Filters,Pcs,9,30,28,60,20,8,26.08695652
Toyota Land Cruiser engine air filter  61030,فلتر هواء محرك تويوتا لاند كروزر ٦١٠٣٠,Saudi TOYOTA,FLT-145,Toyota Land Cruiser engine air filter  61030 - Saudi branch stock item,FALSE,Oil Change Department,Air Filters,Pcs,17,45,43,90,20,10,39.13043478
MOTORCRAFT 5W30 Fully Synthetic,زيت موتوركرافت ٥W٣٠ تخليقي بالكامل,Saudi MOTORCRAFT,OIL-146,MOTORCRAFT 5W30 Fully Synthetic - Saudi branch stock item,TRUE,Oil Change Department,Other Oils,Liter,19.58,26,24,52,20,2,22.60869565
Oil Filter Jeep Orignal 38020,فلتر زيت جيب أصلي ٣٨٠٢٠,Saudi OIL,FLT-147,Oil Filter Jeep Orignal 38020 - Saudi branch stock item,FALSE,Oil Change Department,Other Oil Filters,Pcs,36,48,46,96,20,7,41.73913043
OIL PLUG,سدادة زيت,Saudi OIL,OIL-148,OIL PLUG - Saudi branch stock item,FALSE,Oil Change Department,Misc Products,Pcs,2,10,8,20,20,3,8.695652174
Engine filter Avalon Japan AD010,فلتر محرك أفالون ياباني AD٠١٠,Saudi ENGINE,FLT-149,Engine filter Avalon Japan AD010 - Saudi branch stock item,FALSE,Oil Change Department,Engine Filter,Pcs,12,45,43,90,20,6,39.13043478
Engine filter Mazda 3A0A,فلتر محرك مازدا ٣A٠A,Saudi ENGINE,FLT-150,Engine filter Mazda 3A0A - Saudi branch stock item,FALSE,Oil Change Department,Engine Filter,Pcs,20,50,48,100,20,6,43.47826087
AMERICAN OIL FILTER 46,فلتر زيت أمريكان ٤٦,Saudi AMERICAN,FLT-151,AMERICAN OIL FILTER 46 - Saudi branch stock item,FALSE,Oil Change Department,Other Oil Filters,Pcs,17,25,23,50,20,7,21.73913043
OIL FILTER ISUZU 27 CORNER DIESEL,فلتر زيت إيسوزو ٢٧ ديزل زاوية,Saudi OIL,FLT-152,OIL FILTER ISUZU 27 CORNER DIESEL - Saudi branch stock item,FALSE,Oil Change Department,Other Oil Filters,Pcs,11,25,23,50,20,7,21.73913043
AC filter ford eadge 68A,فلتر مكيف فورد إيدج ٦٨A,Saudi AC,FLT-153,AC filter ford eadge 68A - Saudi branch stock item,FALSE,Oil Change Department,AC Filters,Pcs,10,35,33,70,20,8,30.43478261
FIlter Mitsubishi Rocky ME130968,فلتر ميتسوبيشي روكي ME130968,Saudi FILTER,FLT-154,FIlter Mitsubishi Rocky ME130968 - Saudi branch stock item,FALSE,Oil Change Department,Other Oil Filters,Pcs,43,60,58,120,20,7,52.17391304
ATF Power UP Type A Black 946 ML,زيت ناقل حركة أوتوماتيكي Power UP من النوع A أسود 946 مل,Saudi ATF,FLT-155,ATF Power UP Type A Black 946 ML - Saudi branch stock item,FALSE,Oil Change Department,AC Filters,Bottle,4.33,15,13,30,20,8,13.04347826
AC FILTER STONE 87139 32010,فلتر مكيف هواء ستون 87139 32010,Saudi AC,FLT-156,AC FILTER STONE 87139 32010 - Saudi branch stock item,FALSE,Oil Change Department,AC Filters,Pcs,26,40,38,80,20,8,34.7826087
AC Filter Acord SDC-A01,فلتر مكيف هواء أكورد SDC-A01,Saudi AC,FLT-157,AC Filter Acord SDC-A01 - Saudi branch stock item,FALSE,Oil Change Department,AC Filters,Pcs,10,30,28,60,20,8,26.08695652
VALVOLINE 10W30,فالفولين 10W30,Saudi VALVOLINE,OIL-158,VALVOLINE 10W30 - Saudi branch stock item,TRUE,Oil Change Department,Other Oils,Liter,10.54,12.5,10.5,25,20,2,10.86956522
AC FILTER ACCENT 2E210,فلتر مكيف هواء أكسنت 2E210,Saudi AC,FLT-159,AC FILTER ACCENT 2E210 - Saudi branch stock item,FALSE,Oil Change Department,AC Filters,Pcs,14,30,28,60,20,8,26.08695652
AC filter SDC-505 Honda,فلتر مكيف هواء هوندا SDC-505,Saudi AC,FLT-160,AC filter SDC-505 Honda - Saudi branch stock item,FALSE,Oil Change Department,AC Filters,Pcs,15,35,33,70,20,8,30.43478261
ENGINE FILTER SONATA L 1000,فلتر محرك سوناتا L 1000,Saudi ENGINE,FLT-161,ENGINE FILTER SONATA L 1000 - Saudi branch stock item,FALSE,Oil Change Department,Engine Filter,Pcs,20,40,38,80,20,6,34.7826087
Engine filter Stone 31090,فلتر محرك ستون 31090,Saudi ENGINE,FLT-162,Engine filter Stone 31090 - Saudi branch stock item,FALSE,Oil Change Department,Engine Filter,Pcs,22,50,48,100,20,6,43.47826087
Engine filter Sonata 2011 Topex 3S100,فلتر محرك سوناتا 2011 توبكس 3S100,Saudi ENGINE,FLT-163,Engine filter Sonata 2011 Topex 3S100 - Saudi branch stock item,FALSE,Oil Change Department,Engine Filter,Pcs,17,40,38,80,20,6,34.7826087
AMERICAN OIL FILTER 2257G,فلتر زيت أمريكي 2257G,Saudi AMERICAN,FLT-164,AMERICAN OIL FILTER 2257G - Saudi branch stock item,FALSE,Oil Change Department,Other Oil Filters,Pcs,20.5,37,35,74,20,7,32.17391304
OIL FILTER HYUNDAI DIESEL 42040,فلتر زيت هيونداي ديزل 42040,Saudi OIL,FLT-165,OIL FILTER HYUNDAI DIESEL 42040 - Saudi branch stock item,FALSE,Oil Change Department,HYUNDAI Oil Filters,Pcs,15,35,33,70,20,11,30.43478261
Ford oil filter 2081,فلتر زيت فورد 2081,Saudi FORD,FLT-166,Ford oil filter 2081 - Saudi branch stock item,FALSE,Oil Change Department,Other Oil Filters,Pcs,59.8,75,73,150,20,7,65.2173913
Engine filter Hyundai A0200,فلتر محرك هيونداي A0200,Saudi ENGINE,FLT-167,Engine filter Hyundai A0200 - Saudi branch stock item,FALSE,Oil Change Department,Engine Filter,Pcs,30.44,40,38,80,20,6,34.7826087
OIL FILTER Nissan corner W1191,فلتر زيت نيسان كورنر W1191,Saudi OIL,FLT-168,OIL FILTER Nissan corner W1191 - Saudi branch stock item,FALSE,Oil Change Department,Other Oil Filters,Pcs,10,25,23,50,20,7,21.73913043
Nissan engine air filter 73C10,فلتر هواء محرك نيسان 73C10,Saudi NISSAN,FLT-169,Nissan engine air filter 73C10 - Saudi branch stock item,FALSE,Oil Change Department,Air Filters,Pcs,14,40,38,80,20,10,34.7826087
Engine filter Yars 0Y040,فلتر محرك يارس 0Y040,Saudi ENGINE,FLT-170,Engine filter Yars 0Y040 - Saudi branch stock item,FALSE,Oil Change Department,Engine Filter,Pcs,15,35,33,70,20,6,30.43478261
OIL FILTER NISSAN Corner (Maxima 31uB-15208) Corner,فلتر زيت نيسان كورنر (ماكسيما) 31uB-15208) زاوية,Saudi OIL,FLT-171,OIL FILTER NISSAN Corner (Maxima 31uB-15208) Corner - Saudi branch stock item,FALSE,Oil Change Department,Other Oil Filters,Pcs,7.5,25,23,50,20,7,21.73913043
AC FILTER STONE 87139 30110,فلتر مكيف هواء ستون 87139 30110,Saudi AC,FLT-172,AC FILTER STONE 87139 30110 - Saudi branch stock item,FALSE,Oil Change Department,AC Filters,Pcs,26,40,38,80,20,8,34.7826087
AC Filter Stone Acsent 1E000,فلتر مكيف هواء ستون أكسنت 1E000,Saudi AC,FLT-173,AC Filter Stone Acsent 1E000 - Saudi branch stock item,FALSE,Oil Change Department,AC Filters,Pcs,17.25,30,28,60,20,8,26.08695652
OIL FILTER ( HYUNDAI ) 505 CORNER,فلتر زيت (هيونداي) 505 زاوية,Saudi OIL,FLT-174,OIL FILTER ( HYUNDAI ) 505 CORNER - Saudi branch stock item,FALSE,Oil Change Department,HYUNDAI Oil Filters,Pcs,9.5,14,12,28,20,11,12.17391304
OIL FILTER ( HYUNDAI ) 503 CORNER,فلتر زيت (هيونداي) 503 زاوية,Saudi OIL,FLT-175,OIL FILTER ( HYUNDAI ) 503 CORNER - Saudi branch stock item,FALSE,Oil Change Department,HYUNDAI Oil Filters,Pcs,9.5,14,12,28,20,11,12.17391304
Hilux D-MAX 17801 - 31090 - 61030,هايلوكس دي-ماكس 17801 - 31090 - 61030,Saudi HILUX,FLT-176,Hilux D-MAX 17801 - 31090 - 61030 - Saudi branch stock item,FALSE,Oil Change Department,Other Oil Filters,Pcs,35,50,48,100,20,7,43.47826087
Yaris Stone FH / Rush 2022-23 BZ200,ياريس ستون FH / راش 2022-23 BZ200,Saudi YARIS,FLT-177,Yaris Stone FH / Rush 2022-23 BZ200 - Saudi branch stock item,FALSE,Oil Change Department,Other Oil Filters,Pcs,21,35,33,70,20,7,30.43478261
AC SONATA NEW 2011 STONE 3SAA0,مكيف هواء سوناتا جديد 2011 ستون 3SAA0,Saudi AC,FLT-178,AC SONATA NEW 2011 STONE 3SAA0 - Saudi branch stock item,FALSE,Oil Change Department,AC Filters,Pcs,9.5,30,28,60,20,8,26.08695652
MAXIMA STONE 16546 74S00,ماكسيما ستون 16546 74S00,Saudi MAXIMA,FLT-179,MAXIMA STONE 16546 74S00 - Saudi branch stock item,FALSE,Oil Change Department,Other Filters,Pcs,13,45,43,90,20,12,39.13043478
ACDelco Dexron VI Gear Oil,زيت تروس ACDelco Dexron VI,Saudi ACDELCO,OIL-180,ACDelco Dexron VI Gear Oil - Saudi branch stock item,TRUE,Oil Change Department,Gear Oil,Liter,34.5,45,43,90,20,1,39.13043478
OIL FILTER MAZDA BIG,فلتر زيت مازدا كبير,Saudi OIL,FLT-181,OIL FILTER MAZDA BIG - Saudi branch stock item,FALSE,Oil Change Department,Other Oil Filters,Pcs,19,35,33,70,20,7,30.43478261
OIL FILTER MOPAR 90,فلتر زيت موبار 90,Saudi OIL,FLT-182,OIL FILTER MOPAR 90 - Saudi branch stock item,FALSE,Oil Change Department,Other Oil Filters,Pcs,13.04,35,33,70,20,7,30.43478261
Engine filter Hyundai 3X000,فلتر محرك هيونداي 3X000,Saudi ENGINE,FLT-183,Engine filter Hyundai 3X000 - Saudi branch stock item,FALSE,Oil Change Department,Engine Filter,Pcs,16,40,38,80,20,6,34.7826087
Engine filter Hyundai AA170,فلتر محرك هيونداي AA170,Saudi ENGINE,FLT-184,Engine filter Hyundai AA170 - Saudi branch stock item,FALSE,Oil Change Department,Engine Filter,Pcs,20,40,38,80,20,6,34.7826087
FORD STON EXPEDITION - FA 1883,فورد ستون إكسبيديشن - FA ١٨٨٣,Saudi FORD,FLT-185,FORD STON EXPEDITION - FA 1883 - Saudi branch stock item,FALSE,Oil Change Department,Other Oil Filters,Pcs,17.82,40,38,80,20,7,34.7826087
HYUNDAI FH 28113 F6300,هيونداي FH ٢٨١١٣ F٦٣٠٠,Saudi HYUNDAI,FLT-186,HYUNDAI FH 28113 F6300 - Saudi branch stock item,FALSE,Oil Change Department,Other Filters,Pcs,25,35,33,70,20,12,30.43478261
FORD TAURAS 22-23 ORIGINAL MSI 6744 A,فورد توراس ٢٢-٢٣ أصلي MSI ٦٧٤٤ A,Saudi FORD,FLT-187,FORD TAURAS 22-23 ORIGINAL MSI 6744 A - Saudi branch stock item,FALSE,Oil Change Department,Other Oil Filters,Pcs,42,65,63,130,20,7,56.52173913
STONE MOTOR CRAFT FL 6744  - 2022-23,ستون موتور كرافت FL ٦٧٤٤ - ٢٠٢٢-٢٣,Saudi STONE,FLT-188,STONE MOTOR CRAFT FL 6744  - 2022-23 - Saudi branch stock item,FALSE,Oil Change Department,Other Filters,Pcs,22,40,38,80,20,12,34.7826087
AC FILTER SONATA L1000,فلتر مكيف هواء سوناتا L١٠٠٠,Saudi AC,FLT-189,AC FILTER SONATA L1000 - Saudi branch stock item,FALSE,Oil Change Department,AC Filters,Pcs,15.51,30,28,60,20,8,26.08695652
VALVOLINE 20W50,فالفولين ٢٠W٥٠,Saudi VALVOLINE,OIL-190,VALVOLINE 20W50 - Saudi branch stock item,TRUE,Oil Change Department,Other Oils,Liter,10.54,12.5,10.5,25,20,2,10.86956522
AC filter Mazda J6X,فلتر مكيف هواء مازدا J٦X,Saudi AC,FLT-191,AC filter Mazda J6X - Saudi branch stock item,FALSE,Oil Change Department,AC Filters,Pcs,23,40,38,80,20,8,34.7826087
ENGINE FILTER FORD 1032,فلتر محرك فورد ١٠٣٢,Saudi ENGINE,FLT-192,ENGINE FILTER FORD 1032 - Saudi branch stock item,FALSE,Oil Change Department,Engine Filter,Pcs,10,40,38,80,20,6,34.7826087
ENGINE FILTER NISSAN 3TA0B,فلتر محرك نيسان ٣TA٠B,Saudi ENGINE,FLT-193,ENGINE FILTER NISSAN 3TA0B - Saudi branch stock item,FALSE,Oil Change Department,Engine Filter,Pcs,27,50,48,100,20,6,43.47826087
Engine filter Isuzu stone 98140266,فلتر محرك إيسوزو ستون ٩٨١٤٠٢٦٦,Saudi ENGINE,FLT-194,Engine filter Isuzu stone 98140266 - Saudi branch stock item,FALSE,Oil Change Department,Engine Filter,Pcs,20,45,43,90,20,6,39.13043478
Engine filter Kia Kadenza F6200,فلتر محرك كيا كادينزا F٦٢٠٠,Saudi ENGINE,FLT-195,Engine filter Kia Kadenza F6200 - Saudi branch stock item,FALSE,Oil Change Department,Engine Filter,Pcs,20,45,43,90,20,6,39.13043478
Engine filter prado stone 38050,فلتر محرك برادو ستون ٣٨٠٥٠,Saudi ENGINE,FLT-196,Engine filter prado stone 38050 - Saudi branch stock item,FALSE,Oil Change Department,Engine Filter,Pcs,22,50,48,100,20,6,43.47826087
AC filter Accent D1000,فلتر مكيف هواء أكسنت D١٠٠٠,Saudi AC,FLT-197,AC filter Accent D1000 - Saudi branch stock item,FALSE,Oil Change Department,AC Filters,Pcs,17,30,28,60,20,8,26.08695652
Engine filter Hyundai F2000,فلتر محرك هيونداي F٢٠٠٠,Saudi ENGINE,FLT-198,Engine filter Hyundai F2000 - Saudi branch stock item,FALSE,Oil Change Department,Engine Filter,Pcs,21,40,38,80,20,6,34.7826087
Engine filter Nissan 1LKOE,فلتر محرك نيسان ١LKOE,Saudi ENGINE,FLT-199,Engine filter Nissan 1LKOE - Saudi branch stock item,FALSE,Oil Change Department,Engine Filter,Pcs,20,50,48,100,20,6,43.47826087
Engine filter 5A2-A00,فلتر محرك ٥A٢-A٠٠,Saudi ENGINE,FLT-200,Engine filter 5A2-A00 - Saudi branch stock item,FALSE,Oil Change Department,Engine Filter,Pcs,21,40,38,80,20,6,34.7826087
AC filter Stone 28010 Camry OLD FJ,فلتر مكيف هواء ستون ٢٨٠١٠ كامري FJ قديم,Saudi AC,FLT-201,AC filter Stone 28010 Camry OLD FJ - Saudi branch stock item,FALSE,Oil Change Department,AC Filters,Pcs,15,30,28,60,20,8,26.08695652
Safaya Hylux 16UP Original 0L070,سفايا هايلوكس 16UP أصلي 0L070,Saudi SAFAYA,FLT-202,Safaya Hylux 16UP Original 0L070 - Saudi branch stock item,FALSE,Oil Change Department,Other Oil Filters,Pcs,98,130,128,260,20,7,113.0434783
TOYOTA HAICE 2020 STONE 17801 31160,تويوتا هايس 2020 ستون 17801 31160,Saudi TOYOTA,FLT-203,TOYOTA HAICE 2020 STONE 17801 31160 - Saudi branch stock item,FALSE,Oil Change Department,Engine Filter,Pcs,16,45,43,90,20,6,39.13043478
ISUZU ENGINE FILTER BIG 8-97062294-0 STONE,فلتر محرك إيسوزو كبير 8-97062294-0 ستون,Saudi ISUZU,FLT-204,ISUZU ENGINE FILTER BIG 8-97062294-0 STONE - Saudi branch stock item,FALSE,Oil Change Department,Other Oil Filters,Pcs,44.85,68,66,136,20,7,59.13043478
ISUZU ENGINE FILTER 8-94156052-0 STONE,فلتر محرك إيسوزو 8-94156052-0 ستون,Saudi ISUZU,FLT-205,ISUZU ENGINE FILTER 8-94156052-0 STONE - Saudi branch stock item,FALSE,Oil Change Department,Other Oil Filters,Pcs,34.5,50,48,100,20,7,43.47826087
AIr Filter Lexus 17801 - 51010,فلتر هواء لكزس 17801 - 51010,Saudi AIR,FLT-206,AIr Filter Lexus 17801 - 51010 - Saudi branch stock item,FALSE,Oil Change Department,Air Filters,Pcs,38,50,48,100,20,10,43.47826087
AC Filter 97133- 1C000,فلتر مكيف 97133- 1C000,Saudi AC,FLT-207,AC Filter 97133- 1C000 - Saudi branch stock item,FALSE,Oil Change Department,AC Filters,Pcs,16,30,28,60,20,8,26.08695652
NISSAN PATROL 1LOKE,نيسان باترول 1LOKE,Saudi NISSAN,FLT-208,NISSAN PATROL 1LOKE - Saudi branch stock item,FALSE,Oil Change Department,Other Filters,Pcs,23,40,38,80,20,12,34.7826087
Lube Gard FIXX,لوب جارد فيكس,Saudi LUBE,PRO-209,Lube Gard FIXX - Saudi branch stock item,FALSE,Oil Change Department,Misc Products,Pcs,68,80,78,160,20,3,69.56521739
Air Filter Nissan ultima Stone 16546 - 6CAOB,فلتر هواء نيسان ألتيما ستون 16546 - 6CAOB,Saudi AIR,FLT-210,Air Filter Nissan ultima Stone 16546 - 6CAOB - Saudi branch stock item,FALSE,Oil Change Department,Air Filters,Pcs,23,40,38,80,20,10,34.7826087
HONDA ATF DW 1Ltr,زيت ناقل حركة أوتوماتيكي هوندا DW 1 لتر,Saudi HONDA,OIL-211,HONDA ATF DW 1Ltr - Saudi branch stock item,TRUE,Oil Change Department,Gear Oil,Liter,35.46,45,43,90,20,1,39.13043478
Nissan Oil Filter BN30A,فلتر زيت نيسان BN30A,Saudi NISSAN,FLT-212,Nissan Oil Filter BN30A - Saudi branch stock item,FALSE,Oil Change Department,Other Oil Filters,Pcs,25,40,38,80,20,7,34.7826087
Mitsubishi Oil Filter Corner ME202472,فلتر زيت ميتسوبيشي كورنر ME202472,Saudi MITSUBISHI,FLT-213,Mitsubishi Oil Filter Corner ME202472 - Saudi branch stock item,FALSE,Oil Change Department,Other Oil Filters,Pcs,25,38,36,76,20,7,33.04347826
Maleebo Air Filter  60894,فلتر هواء ماليبو 60894,Saudi MALEEBO,FLT-214,Maleebo Air Filter  60894 - Saudi branch stock item,FALSE,Oil Change Department,Air Filters,Pcs,24,40,38,80,20,10,34.7826087
AC FILTER SONATA C1000 STONE,فلتر مكيف سوناتا C1000 ستون,Saudi AC,FLT-215,AC FILTER SONATA C1000 STONE - Saudi branch stock item,FALSE,Oil Change Department,AC Filters,Pcs,17,30,28,60,20,8,26.08695652
CAMRY ENGINE FILTER 0H030,فلتر محرك كامري 0H030,Saudi CAMRY,FLT-216,CAMRY ENGINE FILTER 0H030 - Saudi branch stock item,FALSE,Oil Change Department,Engine Filter,Pcs,9.5,35,33,70,20,6,30.43478261
Engine filter Isuzu 44570,فلتر محرك إيسوزو 44570,Saudi ENGINE,FLT-217,Engine filter Isuzu 44570 - Saudi branch stock item,FALSE,Oil Change Department,Engine Filter,Pcs,18,45,43,90,20,6,39.13043478
Engine filter Jeeb 38030,فلتر محرك جيب 38030,Saudi ENGINE,FLT-218,Engine filter Jeeb 38030 - Saudi branch stock item,FALSE,Oil Change Department,Engine Filter,Pcs,25,45,43,90,20,6,39.13043478
Engine filter Sonata C1100,فلتر محرك سوناتا C1100,Saudi ENGINE,FLT-219,Engine filter Sonata C1100 - Saudi branch stock item,FALSE,Oil Change Department,Engine Filter,Pcs,20,45,43,90,20,6,39.13043478
Engine filter Kia stone 2W300,فلتر محرك كيا ستون 2W300,Saudi ENGINE,FLT-220,Engine filter Kia stone 2W300 - Saudi branch stock item,FALSE,Oil Change Department,Engine Filter,Pcs,20,45,43,90,20,6,39.13043478
AMERICAN OIL FILTER 129,فلتر زيت أمريكي 129,Saudi AMERICAN,FLT-221,AMERICAN OIL FILTER 129 - Saudi branch stock item,FALSE,Oil Change Department,Other Oil Filters,Pcs,13.78,30,28,60,20,7,26.08695652
OIL FILTER Toyota 1090,فلتر زيت تويوتا 1090,Saudi OIL,FLT-222,OIL FILTER Toyota 1090 - Saudi branch stock item,FALSE,Oil Change Department,TOYOTA Oil Filters,Pcs,26,46,44,92,20,18,40
AC filter TA0B,فلتر مكيف هواء TA0B,Saudi AC,FLT-223,AC filter TA0B - Saudi branch stock item,FALSE,Oil Change Department,AC Filters,Pcs,17,30,28,60,20,8,26.08695652
ENGINE FILTER HONDA ACORD RAA-Y00,فلتر محرك هوندا أكورد RAA-Y00,Saudi ENGINE,FLT-224,ENGINE FILTER HONDA ACORD RAA-Y00 - Saudi branch stock item,FALSE,Oil Change Department,Air Filters,Pcs,22,40,38,80,20,10,34.7826087
Engine filter Corolla 21050,فلتر محرك كورولا 21050,Saudi ENGINE,FLT-225,Engine filter Corolla 21050 - Saudi branch stock item,FALSE,Oil Change Department,Engine Filter,Pcs,10,35,33,70,20,6,30.43478261
ACDelco oil filter 561 - PF1218,فلتر زيت ACDelco 561 - PF1218,Saudi ACDELCO,FLT-226,ACDelco oil filter 561 - PF1218 - Saudi branch stock item,FALSE,Oil Change Department,Other Oil Filters,Pcs,10,25,23,50,20,7,21.73913043
Filter Jumbo 8-97371-334-0 Corner,فلتر جامبو 8-97371-334-0 كورنر,Saudi FILTER,FLT-227,Filter Jumbo 8-97371-334-0 Corner - Saudi branch stock item,FALSE,Oil Change Department,Other Oil Filters,Pcs,22,40,38,80,20,7,34.7826087
Filter Reno 33408 STONE LS218,فلتر رينو 33408 ستون LS218,Saudi FILTER,FLT-228,Filter Reno 33408 STONE LS218 - Saudi branch stock item,FALSE,Oil Change Department,Other Oil Filters,Pcs,20.7,24.43,22.43,48.86,20,7,21.24347826
Oil Filter 4A001 Corner,فلتر زيت 4A001 كورنر,Saudi OIL,FLT-229,Oil Filter 4A001 Corner - Saudi branch stock item,FALSE,Oil Change Department,Other Oil Filters,Pcs,18,35,33,70,20,7,30.43478261
Coolant ACDELCO 65210 Green 4Ltr,سائل تبريد ACDelco 65210 أخضر 4 لتر,Saudi COOLANT,PRO-230,Coolant ACDELCO 65210 Green 4Ltr - Saudi branch stock item,FALSE,Oil Change Department,Misc Products,Can,35,55,53,110,20,3,47.82608696
Mopar Oil 5W20,زيت موبار 5W20,Saudi MOPAR,OIL-231,Mopar Oil 5W20 - Saudi branch stock item,FALSE,Oil Change Department,Other Oils,Bottle,18.33,24,22,48,20,2,20.86956522
AIr Filter Lexus 17801 - 17020,فلتر هواء لكزس 17801 - ١٧٠٢٠,Saudi AIR,FLT-232,AIr Filter Lexus 17801 - 17020 - Saudi branch stock item,FALSE,Oil Change Department,Air Filters,Pcs,40,65,63,130,20,10,56.52173913
Mistsubishi Canter QY010015V,ميتسوبيشي كانتر QY010015V,Saudi MISTSUBISHI,FLT-233,Mistsubishi Canter QY010015V - Saudi branch stock item,FALSE,Oil Change Department,Other Filters,Pcs,37,52,50,104,20,12,45.2173913
EZI Engine Internal Flush 300ml EZ70,منظف داخلي لمحرك EZI سعة ٣٠٠ مل EZ70,Saudi EZI,OIL-234,EZI Engine Internal Flush 300ml EZ70 - Saudi branch stock item,FALSE,Oil Change Department,Gear Oil,Pcs,33,45,43,90,20,1,39.13043478
HILEX 62010 STONE,هايليكس 62010 حجر,Saudi HILEX,FLT-235,HILEX 62010 STONE - Saudi branch stock item,FALSE,Oil Change Department,Other Filters,Pcs,24,40,38,80,20,12,34.7826087
JEEP 51010 STONE FH 2016 NEW,جيب 51010 STONE FH ٢٠١٦ جديدة,Saudi JEEP,FLT-236,JEEP 51010 STONE FH 2016 NEW - Saudi branch stock item,FALSE,Oil Change Department,Other Filters,Pcs,24,40,38,80,20,12,34.7826087
Hyundai Sonata AC Filter 2018 D4000,حجر1746AB,Saudi HYUNDAI,FLT-237,Hyundai Sonata AC Filter 2018 D4000 - Saudi branch stock item,FALSE,Oil Change Department,AC Filters,Pcs,20,30,28,60,20,8,26.08695652
AC filter F2100 Elantra Walan,حجر ستون FH جيب لاندكروزر جديد 2022 1780 70060,Saudi AC,FLT-238,AC filter F2100 Elantra Walan - Saudi branch stock item,FALSE,Oil Change Department,AC Filters,Pcs,15,30,28,60,20,8,26.08695652
AC FILTER ELANTRA WALLAN 2H001,جيب ستون FH لاندكروزر جديد 2016 ديزل 51020,Saudi AC,FLT-239,AC FILTER ELANTRA WALLAN 2H001 - Saudi branch stock item,FALSE,Oil Change Department,AC Filters,Pcs,12,40,38,80,20,8,34.7826087
Engine Filter Stone  17801 - 67060,فلتر محرك ستون ١٧٨٠١ - ٦٧٠٦٠,Saudi ENGINE,FLT-240,Engine Filter Stone  17801 - 67060 - Saudi branch stock item,FALSE,Oil Change Department,Engine Filter,Pcs,34,50,48,100,20,6,43.47826087
Apsco AdBlue 10L,أبسكو AdBlue ١٠ لتر,Saudi APSCO,OIL-241,Apsco AdBlue 10L - Saudi branch stock item,FALSE,Oil Change Department,Gear Oil,Pcs,38,65,63,130,20,1,56.52173913
SHIELD 15W40,شيلد ١٥W٤٠,Saudi SHIELD,OIL-242,SHIELD 15W40 - Saudi branch stock item,TRUE,Oil Change Department,Other Oils,Liter,10,13,11,26,20,2,11.30434783
ENGINE FILTER JEEB 1010,فلتر محرك جيب ١٠١٠,Saudi ENGINE,FLT-243,ENGINE FILTER JEEB 1010 - Saudi branch stock item,FALSE,Oil Change Department,Engine Filter,Pcs,24,50,48,100,20,6,43.47826087
Engine filter Nissan patrol VB000S,فلتر محرك نيسان باترول VB000S,Saudi ENGINE,FLT-244,Engine filter Nissan patrol VB000S - Saudi branch stock item,FALSE,Oil Change Department,Engine Filter,Pcs,25,50,48,100,20,6,43.47826087
Engine filter kia cerato A9200,فلتر محرك كيا سيراتو A9200,Saudi ENGINE,FLT-245,Engine filter kia cerato A9200 - Saudi branch stock item,FALSE,Oil Change Department,Engine Filter,Pcs,24,45,43,90,20,6,39.13043478
Engine filter Nissan Toyama T3401,فلتر محرك نيسان توياما T3401,Saudi ENGINE,FLT-246,Engine filter Nissan Toyama T3401 - Saudi branch stock item,FALSE,Oil Change Department,Engine Filter,Pcs,15,45,43,90,20,6,39.13043478
Engine filter Lexus & Avalon 31131,فلتر محرك لكزس وأفالون ٣١١٣١,Saudi ENGINE,FLT-247,Engine filter Lexus & Avalon 31131 - Saudi branch stock item,FALSE,Oil Change Department,Engine Filter,Pcs,19,40,38,80,20,6,34.7826087
AMERICAN OIL FILTER 47,فلتر زيت أمريكي ٤٧,Saudi AMERICAN,FLT-248,AMERICAN OIL FILTER 47 - Saudi branch stock item,FALSE,Oil Change Department,Other Oil Filters,Pcs,13,25,23,50,20,7,21.73913043
OIL FILTER MERCEDES STONE,فلتر زيت مرسيدس ستون,Saudi OIL,FLT-249,OIL FILTER MERCEDES STONE - Saudi branch stock item,FALSE,Oil Change Department,Other Oil Filters,Pcs,12.5,26,24,52,20,7,22.60869565
OIL FILTER MERCEDES STONE PAPER,فلتر زيت مرسيدس ستون ورقي,Saudi OIL,FLT-250,OIL FILTER MERCEDES STONE PAPER - Saudi branch stock item,FALSE,Oil Change Department,Other Oil Filters,Pcs,18,30,28,60,20,7,26.08695652
OIL FILTER MOPAR 349 TALL,فلتر زيت موبار ٣٤٩ طويل,Saudi OIL,FLT-251,OIL FILTER MOPAR 349 TALL - Saudi branch stock item,FALSE,Oil Change Department,Other Oil Filters,Pcs,26,50,48,100,20,7,43.47826087
OIL FILTER MOPAR 99,فلتر زيت موبار ٩٩,Saudi OIL,FLT-252,OIL FILTER MOPAR 99 - Saudi branch stock item,FALSE,Oil Change Department,Other Oil Filters,Pcs,23,35,33,70,20,7,30.43478261
OIL FILTER NISSAN (W - 1191 - 15208) STONE,فلتر زيت نيسان (W - ١١٩١ - ١٥٢٠٨) ستون,Saudi OIL,FLT-253,OIL FILTER NISSAN (W - 1191 - 15208) STONE - Saudi branch stock item,FALSE,Oil Change Department,Other Oil Filters,Pcs,12.65,25,23,50,20,7,21.73913043
AC filter Sonata 2011 / 3SAAO,فلتر مكيف سوناتا ٢٠١١ / ٣SAAO,Saudi AC,FLT-254,AC filter Sonata 2011 / 3SAAO - Saudi branch stock item,FALSE,Oil Change Department,AC Filters,Pcs,9.5,30,28,60,20,8,26.08695652
ENGINE FILTER HONDA ACORD R40-Y00,فلتر محرك هوندا أكورد R٤٠-Y٠٠,Saudi ENGINE,FLT-255,ENGINE FILTER HONDA ACORD R40-Y00 - Saudi branch stock item,FALSE,Oil Change Department,Air Filters,Pcs,22,40,38,80,20,10,34.7826087
Engine filter Camry 77050,فلتر محرك كامري ٧٧٠٥٠,Saudi ENGINE,FLT-256,Engine filter Camry 77050 - Saudi branch stock item,FALSE,Oil Change Department,Engine Filter,Pcs,22,40,38,80,20,6,34.7826087
Engine filter Corolla 22020,فلتر محرك كورولا ٢٢٠٢٠,Saudi ENGINE,FLT-257,Engine filter Corolla 22020 - Saudi branch stock item,FALSE,Oil Change Department,Engine Filter,Pcs,17,35,33,70,20,6,30.43478261
Engine filter Hyundai 1G000,فلتر محرك هيونداي ١G٠٠٠,Saudi ENGINE,FLT-258,Engine filter Hyundai 1G000 - Saudi branch stock item,FALSE,Oil Change Department,Engine Filter,Pcs,20,40,38,80,20,6,34.7826087
Engine filter Caprice 92066873,فلتر محرك كابريس ٩٢٠٦٦٨٧٣,Saudi ENGINE,FLT-259,Engine filter Caprice 92066873 - Saudi branch stock item,FALSE,Oil Change Department,Engine Filter,Pcs,20,45,43,90,20,6,39.13043478
Engine filter Honda 6A0-A00,فلتر محرك هوندا ٦A٠-A٠٠,Saudi ENGINE,FLT-260,Engine filter Honda 6A0-A00 - Saudi branch stock item,FALSE,Oil Change Department,Engine Filter,Pcs,17,40,38,80,20,6,34.7826087
Engine filter Ford 1695,فلتر محرك فورد ١٦٩٥,Saudi ENGINE,FLT-261,Engine filter Ford 1695 - Saudi branch stock item,FALSE,Oil Change Department,Engine Filter,Pcs,20,40,38,80,20,6,34.7826087
Engine filter Camry 74060,فلتر محرك كامري ٧٤٠٦٠,Saudi ENGINE,FLT-262,Engine filter Camry 74060 - Saudi branch stock item,FALSE,Oil Change Department,Engine Filter,Pcs,20,40,38,80,20,6,34.7826087
Engine filter Hyundai D3100,فلتر محرك هيونداي D٣١٠٠,Saudi ENGINE,FLT-263,Engine filter Hyundai D3100 - Saudi branch stock item,FALSE,Oil Change Department,Engine Filter,Pcs,16,40,38,80,20,6,34.7826087
OIL FILTER Nissan Topex W1191,فلتر زيت نيسان توبكس W١١٩١,Saudi OIL,FLT-264,OIL FILTER Nissan Topex W1191 - Saudi branch stock item,FALSE,Oil Change Department,Other Oil Filters,Pcs,10,25,23,50,20,7,21.73913043
Toyota Camry Engine Filter 38010,فلتر محرك تويوتا كامري 38010,Saudi TOYOTA,FLT-265,Toyota Camry Engine Filter 38010 - Saudi branch stock item,FALSE,Oil Change Department,Engine Filter,Pcs,10,40,38,80,20,6,34.7826087
oil filter Genesis 3F500,فلتر زيت جينيسيس 3F500,Saudi OIL,FLT-266,oil filter Genesis 3F500 - Saudi branch stock item,FALSE,Oil Change Department,Other Oil Filters,Pcs,10,30,28,60,20,7,26.08695652
STONE1746ِAB,ستون 1746AB,Saudi STONE,FLT-267,STONE1746ِAB - Saudi branch stock item,FALSE,Oil Change Department,Other Filters,Pcs,45,50,48,100,20,12,43.47826087
Oil Filter 30002-8T,حجر ستون FH جيب لاندكروزر جديد 2022 1780 70060,Saudi OIL,FLT-268,Oil Filter 30002-8T - Saudi branch stock item,FALSE,Oil Change Department,Other Oil Filters,Pcs,57,70,68,140,20,7,60.86956522
Stone FH Jeep Landcruiser New 2022 1780 70060,ستون FH جيب لاندكروزر جديد 2022 1780 70060,Saudi STONE,FLT-269,Stone FH Jeep Landcruiser New 2022 1780 70060 - Saudi branch stock item,FALSE,Oil Change Department,Other Filters,Pcs,22,50,48,100,20,12,43.47826087
Stone FH Jeep Landcruiser New 2016 Diesl 51020,جيب ستون FH لاندكروزر جديد 2016 ديزل 51020,Saudi STONE,FLT-270,Stone FH Jeep Landcruiser New 2016 Diesl 51020 - Saudi branch stock item,FALSE,Oil Change Department,Other Filters,Pcs,34.5,50,48,100,20,12,43.47826087
Mitsubishi Oil Filter MD360935,فلتر زيت ميتسوبيشي MD360935,Saudi MITSUBISHI,FLT-271,Mitsubishi Oil Filter MD360935 - Saudi branch stock item,FALSE,Oil Change Department,Other Oil Filters,Pcs,25,32,30,64,20,7,27.82608696
Gasket Maker,مانع تسرب الحشيات,Saudi GASKET,PRO-272,Gasket Maker - Saudi branch stock item,FALSE,Oil Change Department,Tools,Pcs,8.7,10,8,20,20,13,8.695652174
ISUZU D MAX New 89810265 Stone,إيسوزو دي ماكس جديد 89810265 ستون,Saudi ISUZU,FLT-273,ISUZU D MAX New 89810265 Stone - Saudi branch stock item,FALSE,Oil Change Department,Other Oil Filters,Pcs,31.05,50,48,100,20,7,43.47826087
MOTORCRAFT FOX FL 910,موتوركرافت فوكس إف إل 910,Saudi MOTORCRAFT,FLT-274,MOTORCRAFT FOX FL 910 - Saudi branch stock item,FALSE,Oil Change Department,Other Oil Filters,Pcs,16.52,25,23,50,20,7,21.73913043
Hyundai Oil Filter 2R001 / R000,فلتر زيت هيونداي 2R001 / R000,Saudi HYUNDAI,FLT-275,Hyundai Oil Filter 2R001 / R000 - Saudi branch stock item,FALSE,Oil Change Department,HYUNDAI Oil Filters,Pcs,35,55,53,110,20,11,47.82608696
Mitsubishi Oil Filter Original 15200W010P 23-2021,فلتر زيت ميتسوبيشي أصلي 15200W010P 23-2021,Saudi MITSUBISHI,FLT-276,Mitsubishi Oil Filter Original 15200W010P 23-2021 - Saudi branch stock item,FALSE,Oil Change Department,Other Oil Filters,Pcs,65,95,93,190,20,7,82.60869565
Hyundai Oil Filter Diesel 2U000 - 26320,فلتر زيت هيونداي ديزل 2U000 - 26320,Saudi HYUNDAI,FLT-277,Hyundai Oil Filter Diesel 2U000 - 26320 - Saudi branch stock item,FALSE,Oil Change Department,HYUNDAI Oil Filters,Pcs,38,58,56,116,20,11,50.43478261
Filter Engine GMC A1518C,فلتر محرك GMC A1518C,Saudi FILTER,FLT-278,Filter Engine GMC A1518C - Saudi branch stock item,FALSE,Oil Change Department,Engine Filter,Pcs,16,50,48,100,20,6,43.47826087
Engine Filter  Stone 97499548,فلتر محرك Stone 97499548,Saudi ENGINE,FLT-279,Engine Filter  Stone 97499548 - Saudi branch stock item,FALSE,Oil Change Department,Engine Filter,Pcs,32,45,43,90,20,6,39.13043478
Air Filter MAZDA PY8W-13-30,فلتر هواء مازدا PY8W-13-30,Saudi AIR,FLT-280,Air Filter MAZDA PY8W-13-30 - Saudi branch stock item,FALSE,Oil Change Department,Air Filters,Pcs,16,45,43,90,20,10,39.13043478
AC FILTER STONE 27277 - 1HD0B,فلتر استون لمكيف الهواء 27277 - 1HD0B,Saudi AC,FLT-281,AC FILTER STONE 27277 - 1HD0B - Saudi branch stock item,FALSE,Oil Change Department,AC Filters,Pcs,17,35,33,70,20,8,30.43478261
Oil Filter Isuzu 0524-0 Original,فلتر زيت إيسوزو 0524-0 أصلي,Saudi OIL,FLT-282,Oil Filter Isuzu 0524-0 Original - Saudi branch stock item,FALSE,Oil Change Department,Other Oil Filters,Pcs,42.5,50,48,100,20,7,43.47826087
Mitsubishi Oil Filter MZ690412,فلتر زيت ميتسوبيشي MZ690412,Saudi MITSUBISHI,FLT-283,Mitsubishi Oil Filter MZ690412 - Saudi branch stock item,FALSE,Oil Change Department,Other Oil Filters,Pcs,46.08,70,68,140,20,7,60.86956522
FORD Oil Filter Stone FL - 2137 / 2088,فلتر زيت فورد ستون FL - 2137 / 2088,Saudi FORD,FLT-284,FORD Oil Filter Stone FL - 2137 / 2088 - Saudi branch stock item,FALSE,Oil Change Department,Other Oil Filters,Pcs,25,35,33,70,20,7,30.43478261
KIXX 5W40,زيت كيكس 5W40,Saudi KIXX,OIL-285,KIXX 5W40 - Saudi branch stock item,TRUE,Oil Change Department,Other Oils,Liter,19.17,25,23,50,20,2,21.73913043
PETROMIN 10W40,زيت بترومين 10W40,Saudi PETROMIN,OIL-286,PETROMIN 10W40 - Saudi branch stock item,TRUE,Oil Change Department,Petromin Oil,Liter,15,30,28,60,20,5,26.08695652
PETROMIN 10W40 Diesel,زيت بترومين 10W40 ديزل,Saudi PETROMIN,OIL-287,PETROMIN 10W40 Diesel - Saudi branch stock item,TRUE,Oil Change Department,Petromin Oil,Liter,14,21,19,42,20,5,18.26086957
FUCHS 20W50 Diesel,زيت فوكس 20W50 ديزل,Saudi FUCHS,OIL-288,FUCHS 20W50 Diesel - Saudi branch stock item,TRUE,Oil Change Department,FUCHS Oil,Liter,11,13,11,26,20,14,11.30434783
CASTROL 15W40 Diesel,زيت كاسترول 15W40 ديزل,Saudi CASTROL,OIL-289,CASTROL 15W40 Diesel - Saudi branch stock item,TRUE,Oil Change Department,Castrol Oil,Liter,10.5,14,12,28,20,15,12.17391304
WATER  Wiper 1 LITER,ماء ماسحة زجاج 1 لتر,Saudi WATER,OIL-290,WATER  Wiper 1 LITER - Saudi branch stock item,TRUE,Oil Change Department,Misc Products,Liter,1.1,4,2,8,20,3,3.47826087
SHELL HILEX 0W20,زيت شل هايلكس 0W20,Saudi SHELL,OIL-291,SHELL HILEX 0W20 - Saudi branch stock item,TRUE,Oil Change Department,Shell Oil,Liter,23,31,29,62,20,9,26.95652174
CASTROL 15W40 Petrol,زيت كاسترول 15W40 بنزين,Saudi CASTROL,OIL-292,CASTROL 15W40 Petrol - Saudi branch stock item,TRUE,Oil Change Department,Castrol Oil,Liter,11,17,15,34,20,15,14.7826087
SHIELD 5W30,زيت شيلد 5W30,Saudi SHIELD,OIL-293,SHIELD 5W30 - Saudi branch stock item,TRUE,Oil Change Department,Other Oils,Liter,14,27,25,54,20,2,23.47826087
DEXON CVT Gear Oil,زيت تروس ديكسون CVT,Saudi DEXON,OIL-294,DEXON CVT Gear Oil - Saudi branch stock item,TRUE,Oil Change Department,Gear Oil,Liter,35,80,78,160,20,1,69.56521739
DEXON VI Gear Oil,زيت تروس ديكسون VI,Saudi DEXON,OIL-295,DEXON VI Gear Oil - Saudi branch stock item,TRUE,Oil Change Department,Gear Oil,Liter,32,75,73,150,20,1,65.2173913
DEXON ATF III Gear Oil,زيت تروس ديكسون ATF III,Saudi DEXON,OIL-296,DEXON ATF III Gear Oil - Saudi branch stock item,TRUE,Oil Change Department,Gear Oil,Liter,30,65,63,130,20,1,56.52173913
MIGHTY ATF Gear Oil VS7,زيت تروس مايتي ATF VS7,Saudi MIGHTY,OIL-297,MIGHTY ATF Gear Oil VS7 - Saudi branch stock item,TRUE,Oil Change Department,Gear Oil,Liter,38,75,73,150,20,1,65.2173913
OIL FILTER FORD STONE 6744,فلتر زيت فورد ستون 6744,Saudi OIL,FLT-298,OIL FILTER FORD STONE 6744 - Saudi branch stock item,FALSE,Oil Change Department,Other Oil Filters,Pcs,15,35,33,70,20,7,30.43478261
TOYOTA Oil Filter Orignal 38010,فلتر زيت تويوتا أصلي 38010,Saudi TOYOTA,FLT-299,TOYOTA Oil Filter Orignal 38010 - Saudi branch stock item,FALSE,Oil Change Department,TOYOTA Oil Filters,Pcs,23,45,43,90,20,18,39.13043478
OIL FILTER Hyundai 3C250,فلتر زيت هيونداي 3C250,Saudi OIL,FLT-300,OIL FILTER Hyundai 3C250 - Saudi branch stock item,FALSE,Oil Change Department,HYUNDAI Oil Filters,Pcs,23,45,43,90,20,11,39.13043478
OIL FILTER Hyundai 3C100,زيت فلتر هيونداي 3C100,Saudi OIL,FLT-301,OIL FILTER Hyundai 3C100 - Saudi branch stock item,FALSE,Oil Change Department,HYUNDAI Oil Filters,Pcs,23,45,43,90,20,11,39.13043478
FUCHS SAE 40,فوكس SAE 40,Saudi FUCHS,OIL-302,FUCHS SAE 40 - Saudi branch stock item,TRUE,Oil Change Department,Gear Oil,Liter,12,16,14,32,20,1,13.91304348
OIL FILTER MOPAR 339,فلتر زيت موبار 339,Saudi OIL,FLT-303,OIL FILTER MOPAR 339 - Saudi branch stock item,FALSE,Oil Change Department,Other Oil Filters,Pcs,26,35,33,70,20,7,30.43478261
OIL FILTER MOPAR 452,فلتر زيت موبار 452,Saudi OIL,FLT-304,OIL FILTER MOPAR 452 - Saudi branch stock item,FALSE,Oil Change Department,Other Oil Filters,Pcs,26,35,33,70,20,7,30.43478261
OIL FILTER ISUZU 15000 DIESEL ORIGINAL,فلتر زيت إيسوزو 15000 ديزل أصلي,Saudi OIL,FLT-305,OIL FILTER ISUZU 15000 DIESEL ORIGINAL - Saudi branch stock item,FALSE,Oil Change Department,Other Oil Filters,Pcs,35,55,53,110,20,7,47.82608696
AC FILTER  TOYOTA 12010,فلتر مكيف تويوتا 12010,Saudi AC,FLT-306,AC FILTER  TOYOTA 12010 - Saudi branch stock item,FALSE,Oil Change Department,AC Filters,Pcs,13,30,28,60,20,8,26.08695652
KIXX D1 5W30,كيكس D1 5W30,Saudi KIXX,OIL-307,KIXX D1 5W30 - Saudi branch stock item,TRUE,Oil Change Department,Other Oils,Liter,17.03,25,23,50,20,2,21.73913043
KIXX 5W20,كيكس 5W20,Saudi KIXX,OIL-308,KIXX 5W20 - Saudi branch stock item,TRUE,Oil Change Department,Other Oils,Liter,12,25,23,50,20,2,21.73913043
KIXX 0W20,كيكس 0W20,Saudi KIXX,OIL-309,KIXX 0W20 - Saudi branch stock item,TRUE,Oil Change Department,Other Oils,Liter,12,30,28,60,20,2,26.08695652
KIXX ATF DX - III Gear Oil,زيت تروس كيكس ATF DX - III,Saudi KIXX,OIL-310,KIXX ATF DX - III Gear Oil - Saudi branch stock item,TRUE,Oil Change Department,Gear Oil,Liter,32,65,63,130,20,1,56.52173913
KIXX Gear Oil CVTF,زيت تروس كيكس CVTF,Saudi KIXX,OIL-311,KIXX Gear Oil CVTF - Saudi branch stock item,TRUE,Oil Change Department,Gear Oil,Liter,38,75,73,150,20,1,65.2173913
KIXX Gear Oil DCTF,زيت تروس كيكس DCTF,Saudi KIXX,OIL-312,KIXX Gear Oil DCTF - Saudi branch stock item,TRUE,Oil Change Department,Gear Oil,Liter,45,85,83,170,20,1,73.91304348
Filter Jumbo 87610117 Corner,فلتر جامبو 87610117 زاوية,Saudi FILTER,FLT-313,Filter Jumbo 87610117 Corner - Saudi branch stock item,FALSE,Oil Change Department,Other Oil Filters,Pcs,22,45,43,90,20,7,39.13043478
Isuzu Air Filter 2019-20 11413-0,فلتر هواء إيسوزو 2019-20 11413-0,Saudi ISUZU,FLT-314,Isuzu Air Filter 2019-20 11413-0 - Saudi branch stock item,FALSE,Oil Change Department,Air Filters,Pcs,34,50,48,100,20,10,43.47826087
Prado D-max Air Filter 30040,فلتر هواء برادو دي ماكس 30040,Saudi PRADO,FLT-315,Prado D-max Air Filter 30040 - Saudi branch stock item,FALSE,Oil Change Department,Air Filters,Pcs,12,45,43,90,20,10,39.13043478
Lexus Stone Air Filter 2013-20 31170,فلتر هواء لكزس ستون 2013-20 31170,Saudi LEXUS,FLT-316,Lexus Stone Air Filter 2013-20 31170 - Saudi branch stock item,FALSE,Oil Change Department,Air Filters,Pcs,20.5,40,38,80,20,10,34.7826087
Jeep Air Filter Stone 52020,فلتر هواء جيب ستون 52020,Saudi JEEP,FLT-317,Jeep Air Filter Stone 52020 - Saudi branch stock item,FALSE,Oil Change Department,Air Filters,Pcs,25,40,38,80,20,10,34.7826087
Toyota Rise Stone Engine Filter BZ110,فلتر محرك تويوتا رايز ستون BZ110,Saudi TOYOTA,FLT-318,Toyota Rise Stone Engine Filter BZ110 - Saudi branch stock item,FALSE,Oil Change Department,TOYOTA Oil Filters,Pcs,15,40,38,80,20,18,34.7826087
Mitsubishi Pajero Topex MR571476,ميتسوبيشي باجيرو توبكس MR571476,Saudi MITSUBISHI,FLT-319,Mitsubishi Pajero Topex MR571476 - Saudi branch stock item,FALSE,Oil Change Department,Other Oil Filters,Pcs,14,50,48,100,20,7,43.47826087
Renault Bus/Peugeout Stone 16 54 694 66R,رينو باص/بيجو ستون 16 54 694 66R,Saudi RENAULT,FLT-320,Renault Bus/Peugeout Stone 16 54 694 66R - Saudi branch stock item,FALSE,Oil Change Department,Other Oil Filters,Pcs,16,45,43,90,20,7,39.13043478
Nissan Safari 06J00 stone,نيسان سفاري 06J00 ستون,Saudi NISSAN,FLT-321,Nissan Safari 06J00 stone - Saudi branch stock item,FALSE,Oil Change Department,Other Filters,Pcs,14,50,48,100,20,12,43.47826087
Ford Air Engine Filter FA1754,فلتر هواء محرك فورد FA1754,Saudi FORD,FLT-322,Ford Air Engine Filter FA1754 - Saudi branch stock item,FALSE,Oil Change Department,Air Filters,Pcs,13,40,38,80,20,10,34.7826087
Honda Civic Topex 17220-64A-A00,هوندا سيفيك توبكس 17220-64A-A00,Saudi HONDA,FLT-323,Honda Civic Topex 17220-64A-A00 - Saudi branch stock item,FALSE,Oil Change Department,Other Filters,Pcs,20,40,38,80,20,12,34.7826087
Engine Avio Air Filter 06696,فلتر هواء محرك أفيو 06696,Saudi ENGINE,FLT-324,Engine Avio Air Filter 06696 - Saudi branch stock item,FALSE,Oil Change Department,Air Filters,Pcs,13,40,38,80,20,10,34.7826087
Maleebo 2018-20 Topex 84335470,ماليبو 2018-20 توبكس 84335470,Saudi MALEEBO,FLT-325,Maleebo 2018-20 Topex 84335470 - Saudi branch stock item,FALSE,Oil Change Department,Other Filters,Pcs,18,40,38,80,20,12,34.7826087
Tokoma Epica Daweo0 96328718,توكوما إبيكا داويو0 96328718,Saudi TOKOMA,FLT-326,Tokoma Epica Daweo0 96328718 - Saudi branch stock item,FALSE,Oil Change Department,Other Filters,Pcs,15,40,38,80,20,12,34.7826087
Lexux Air Filter 17801-31110,فلتر هواء لكزس 17801-31110,Saudi LEXUX,FLT-327,Lexux Air Filter 17801-31110 - Saudi branch stock item,FALSE,Oil Change Department,Air Filters,Pcs,19,40,38,80,20,10,34.7826087
FH Daihatsu Granmax 17801-BZ080,دايهاتسو جران ماكس FH 17801-BZ080,Saudi FH,FLT-328,FH Daihatsu Granmax 17801-BZ080 - Saudi branch stock item,FALSE,Oil Change Department,Other Oil Filters,Pcs,14,40,38,80,20,7,34.7826087
Mitsubishi Air Filter 1500A098,فلتر هواء ميتسوبيشي 1500A098,Saudi MITSUBISHI,FLT-329,Mitsubishi Air Filter 1500A098 - Saudi branch stock item,FALSE,Oil Change Department,Air Filters,Pcs,14,50,48,100,20,10,43.47826087
Air Filter Hyundai Wallan B1000,فلتر هواء هيونداي والان B1000,Saudi AIR,FLT-330,Air Filter Hyundai Wallan B1000 - Saudi branch stock item,FALSE,Oil Change Department,Air Filters,Pcs,13,40,38,80,20,10,34.7826087
Hyundai Air Filter Kia F900,فلتر هواء هيونداي كيا F900,Saudi HYUNDAI,FLT-331,Hyundai Air Filter Kia F900 - Saudi branch stock item,FALSE,Oil Change Department,Air Filters,Pcs,19,40,38,80,20,10,34.7826087
Suzuki Air Filter 13780-61J00,فلتر هواء سوزوكي 13780-61J00,Saudi SUZUKI,FLT-332,Suzuki Air Filter 13780-61J00 - Saudi branch stock item,FALSE,Oil Change Department,Air Filters,Pcs,16,40,38,80,20,10,34.7826087
Haice Air Filter Topex 17801-75010,فلتر هواء هايس توبكس 17801-75010,Saudi HAICE,FLT-333,Haice Air Filter Topex 17801-75010 - Saudi branch stock item,FALSE,Oil Change Department,Air Filters,Pcs,16,50,48,100,20,10,43.47826087
Mopar Charger Air Filter 68071668AA,فلتر هواء موبار تشارجر 68071668AA,Saudi MOPAR,FLT-334,Mopar Charger Air Filter 68071668AA - Saudi branch stock item,FALSE,Oil Change Department,Air Filters,Pcs,14,50,48,100,20,10,43.47826087
Nisan Air Filter S0191,فلتر هواء نيسان S0191,Saudi NISAN,FLT-335,Nisan Air Filter S0191 - Saudi branch stock item,FALSE,Oil Change Department,Air Filters,Pcs,14,45,43,90,20,10,39.13043478
Air Filter Haice Diesel 30050,فلتر هواء هايس ديزل 30050,Saudi AIR,FLT-336,Air Filter Haice Diesel 30050 - Saudi branch stock item,FALSE,Oil Change Department,Air Filters,Pcs,14,45,43,90,20,10,39.13043478
Toyota Dyna 17801-58010,تويوتا داينا 17801-58010,Saudi TOYOTA,FLT-337,Toyota Dyna 17801-58010 - Saudi branch stock item,FALSE,Oil Change Department,TOYOTA Oil Filters,Pcs,19,50,48,100,20,18,43.47826087
Toyota Corola 04152-37010,تويوتا كورولا 04152-37010,Saudi TOYOTA,FLT-338,Toyota Corola 04152-37010 - Saudi branch stock item,FALSE,Oil Change Department,TOYOTA Oil Filters,Pcs,7.5,33,31,66,20,18,28.69565217
Isuzu oil Filter 49708-1,فلتر زيت إيسوزو 49708-1,Saudi ISUZU,FLT-339,Isuzu oil Filter 49708-1 - Saudi branch stock item,FALSE,Oil Change Department,Other Oil Filters,Pcs,10,25,23,50,20,7,21.73913043
D-max Safaya Isuzu 8-97172549-1,فلتر زيت إيسوزو دي-ماكس سافايا 8-97172549-1,Saudi D,FLT-340,D-max Safaya Isuzu 8-97172549-1 - Saudi branch stock item,FALSE,Oil Change Department,Other Filters,Pcs,9.5,25,23,50,20,12,21.73913043
Isuzu Safaya 94414796-3,فلتر زيت إيسوزو سافايا 94414796-3,Saudi ISUZU,FLT-341,Isuzu Safaya 94414796-3 - Saudi branch stock item,FALSE,Oil Change Department,Other Oil Filters,Pcs,9.5,25,23,50,20,7,21.73913043
F D-max 2021 Paper 98270524-0,فلتر زيت إيسوزو دي-ماكس 2021 ورقي 98270524-0,Saudi F,FLT-342,F D-max 2021 Paper 98270524-0 - Saudi branch stock item,FALSE,Oil Change Department,Other Oil Filters,Pcs,14,30,28,60,20,7,26.08695652
Mitsubishi 2021-23 15200W010P,ميتسوبيشي 2021-2023 15200W010P,Saudi MITSUBISHI,FLT-343,Mitsubishi 2021-23 15200W010P - Saudi branch stock item,FALSE,Oil Change Department,Other Filters,Pcs,15,30,28,60,20,12,26.08695652
Isuzu Jumbo 5-87610117-0,إيسوزو جامبو 5-87610117-0,Saudi ISUZU,FLT-344,Isuzu Jumbo 5-87610117-0 - Saudi branch stock item,FALSE,Oil Change Department,Other Oil Filters,Pcs,19,40,38,80,20,7,34.7826087
Kixx 5w20,زيت كيكس 5w20,Saudi KIXX,OIL-345,Kixx 5w20 - Saudi branch stock item,FALSE,Oil Change Department,Other Oils,Pcs,16.66,24,22,48,20,2,20.86956522
Chery Tiggo 7/Pro 1012010,شيري تيجو 7/برو 1012010,Saudi CHERY,PRO-346,Chery Tiggo 7/Pro 1012010 - Saudi branch stock item,FALSE,Oil Change Department,Misc Products,Pcs,15,35,33,70,20,3,30.43478261
ATF Kixx DX-III 1 Ltr,زيت ناقل حركة أوتوماتيكي كيكس DX-III لتر واحد,Saudi ATF,OIL-347,ATF Kixx DX-III 1 Ltr - Saudi branch stock item,TRUE,Oil Change Department,Gear Oil,Liter,16.66,25,23,50,20,1,21.73913043
Castrol 15w40 Diesel,زيت ديزل كاسترول 15W40,Saudi CASTROL,OIL-348,Castrol 15w40 Diesel - Saudi branch stock item,TRUE,Oil Change Department,Castrol Oil,Liter,6.12,12,10,24,20,15,10.43478261
Mitsubishi Air Filter 1500A608,فلتر هواء ميتسوبيشي 1500A608,Saudi MITSUBISHI,FLT-349,Mitsubishi Air Filter 1500A608 - Saudi branch stock item,FALSE,Oil Change Department,Air Filters,Pcs,18,45,43,90,20,10,39.13043478
OIL STOP,زيت مانع للتسرب,Saudi OIL,OIL-350,OIL STOP - Saudi branch stock item,FALSE,Oil Change Department,Misc Products,Pcs,12,18,16,36,20,3,15.65217391
CASTROL 15W40 Petrol 1 LTR,زيت بنزين كاسترول 15W40 لتر واحد,Saudi CASTROL,OIL-351,CASTROL 15W40 Petrol 1 LTR - Saudi branch stock item,TRUE,Oil Change Department,Castrol Oil,Liter,14.25,18,16,36,20,15,15.65217391
Filter Air Engine Dodge Charger 19002AA,فلتر هواء محرك دودج تشارجر 19002AA,Saudi FILTER,FLT-352,Filter Air Engine Dodge Charger 19002AA - Saudi branch stock item,FALSE,Oil Change Department,Air Filters,Pcs,16,45,43,90,20,10,39.13043478
Geely oil filter  1056022300,فلتر زيت جيلي 1056022300,Saudi GEELY,FLT-353,Geely oil filter  1056022300 - Saudi branch stock item,FALSE,Oil Change Department,Other Oil Filters,Pcs,28,45,43,90,20,7,39.13043478
AC Filter 4H000,فلتر مكيف هواء 4H000,Saudi AC,FLT-354,AC Filter 4H000 - Saudi branch stock item,FALSE,Oil Change Department,AC Filters,Pcs,25,40,38,80,20,8,34.7826087
Engine Filter  Stone 2H000,فلتر محرك ستون 2H000,Saudi ENGINE,FLT-355,Engine Filter  Stone 2H000 - Saudi branch stock item,FALSE,Oil Change Department,Engine Filter,Pcs,25,40,38,80,20,6,34.7826087
Filter Oil Changan 1012010-B01-AB,فلتر زيت شانجان 1012010-B01-AB,Saudi FILTER,FLT-356,Filter Oil Changan 1012010-B01-AB - Saudi branch stock item,FALSE,Oil Change Department,Other Oil Filters,Pcs,26,33,31,66,20,7,28.69565217
Filter Oil Changan 1017100-EG01,فلتر زيت شانجان 1017100-EG01,Saudi FILTER,FLT-357,Filter Oil Changan 1017100-EG01 - Saudi branch stock item,FALSE,Oil Change Department,Other Oil Filters,Pcs,29,35,33,70,20,7,30.43478261
Filter Oil STONE MG 10105963,فلتر زيت ستون إم جي 10105963,Saudi FILTER,FLT-358,Filter Oil STONE MG 10105963 - Saudi branch stock item,FALSE,Oil Change Department,Other Oil Filters,Pcs,34,45,43,90,20,7,39.13043478
ENGINE FILTER FORD STONE 1939,فلتر محرك فورد ستون 1939,Saudi ENGINE,FLT-359,ENGINE FILTER FORD STONE 1939 - Saudi branch stock item,FALSE,Oil Change Department,Engine Filter,Pcs,16,40,38,80,20,6,34.7826087
BENZOL DIESEL / Benzene 15W40,بنزول ديزل/بنزين 15W40,Saudi BENZOL,OIL-360,BENZOL DIESEL / Benzene 15W40 - Saudi branch stock item,TRUE,Oil Change Department,Benzol Oil,Liter,10.5,15,13,30,20,16,13.04347826
BENZOL 20W50,بنزول 20W50,Saudi BENZOL,OIL-361,BENZOL 20W50 - Saudi branch stock item,TRUE,Oil Change Department,Benzol Oil,Liter,10.7,17,15,34,20,16,14.7826087
BENZOL 10W30,بنزول 10W30,Saudi BENZOL,OIL-362,BENZOL 10W30 - Saudi branch stock item,TRUE,Oil Change Department,Benzol Oil,Liter,14.3,18,16,36,20,16,15.65217391
BENZOL  DIESEL / Benzene 5W40,بنزول ديزل/بنزين 5W40,Saudi BENZOL,OIL-363,BENZOL  DIESEL / Benzene 5W40 - Saudi branch stock item,TRUE,Oil Change Department,Benzol Oil,Liter,23,30,28,60,20,16,26.08695652
BENZOL  ATF CVT,بنزول زيت ناقل حركة أوتوماتيكي CVT,Saudi BENZOL,OIL-364,BENZOL  ATF CVT - Saudi branch stock item,TRUE,Oil Change Department,Gear Oil,Liter,24,65,63,130,20,1,56.52173913
BENZOL GEAR OIL 70W90,بنزول زيت تروس 70W90,Saudi BENZOL,OIL-365,BENZOL GEAR OIL 70W90 - Saudi branch stock item,TRUE,Oil Change Department,Gear Oil,Liter,17,60,58,120,20,1,52.17391304
BENZOL GEAR OIL 75W140,زيت تروس بنزول 75W140,Saudi BENZOL,OIL-366,BENZOL GEAR OIL 75W140 - Saudi branch stock item,TRUE,Oil Change Department,Gear Oil,Liter,17,60,58,120,20,1,52.17391304
BENZOL FUEL INJECTOR CLEANER,منظف حاقن وقود بنزول,Saudi BENZOL,OIL-367,BENZOL FUEL INJECTOR CLEANER - Saudi branch stock item,FALSE,Oil Change Department,Gear Oil,Pcs,25,55,53,110,20,1,47.82608696
BENZOL ENGINE FLUSH,منظف محرك بنزول,Saudi BENZOL,OIL-368,BENZOL ENGINE FLUSH - Saudi branch stock item,FALSE,Oil Change Department,Gear Oil,Pcs,25,55,53,110,20,1,47.82608696
BENZOL 5W30,بنزول 5W30,Saudi BENZOL,OIL-369,BENZOL 5W30 - Saudi branch stock item,TRUE,Oil Change Department,Benzol Oil,Liter,21,28,26,56,20,16,24.34782609
BENZOL ENGINE PROTECTOR,واقي محرك بنزول,Saudi BENZOL,OIL-370,BENZOL ENGINE PROTECTOR - Saudi branch stock item,FALSE,Oil Change Department,Gear Oil,Pcs,30,65,63,130,20,1,56.52173913
FUCHS ENGINE FLUSHING OIL 4 LETR,زيت تنظيف محرك فوكس 4 لترات,Saudi FUCHS,OIL-371,FUCHS ENGINE FLUSHING OIL 4 LETR - Saudi branch stock item,TRUE,Oil Change Department,Gear Oil,Liter,35,65,63,130,20,1,56.52173913
OIL FILTER ( HAVAL) 1017100AEC01,فلتر زيت (هافال) 1017100AEC01,Saudi OIL,FLT-372,OIL FILTER ( HAVAL) 1017100AEC01 - Saudi branch stock item,FALSE,Oil Change Department,Other Oil Filters,Pcs,36,55,53,110,20,7,47.82608696
Range Rover oil filter ST011279,فلتر زيت رينج روفر ST011279,Saudi RANGE,FLT-373,Range Rover oil filter ST011279 - Saudi branch stock item,FALSE,Oil Change Department,Other Oil Filters,Pcs,30,55,53,110,20,7,47.82608696
BENZOL 0W30,بنزول 0W30,Saudi BENZOL,OIL-374,BENZOL 0W30 - Saudi branch stock item,TRUE,Oil Change Department,Benzol Oil,Liter,23,35,33,70,20,16,30.43478261
BENZOL 0W20,بنزول 0W20,Saudi BENZOL,OIL-375,BENZOL 0W20 - Saudi branch stock item,TRUE,Oil Change Department,Benzol Oil,Liter,23,32,30,64,20,16,27.82608696
BENZOL 0W16,بنزول 0W16,Saudi BENZOL,OIL-376,BENZOL 0W16 - Saudi branch stock item,TRUE,Oil Change Department,Benzol Oil,Liter,23,30,28,60,20,16,26.08695652
BENZOL( ATF) DEX-III,بنزول (سائل ناقل حركة أوتوماتيكي) DEX-III,Saudi BENZOL,OIL-377,BENZOL( ATF) DEX-III - Saudi branch stock item,TRUE,Oil Change Department,Gear Oil,Liter,22,65,63,130,20,1,56.52173913
BENZOL - DCT,بنزول - ناقل حركة ثنائي القابض,Saudi BENZOL,OIL-378,BENZOL - DCT - Saudi branch stock item,TRUE,Oil Change Department,Gear Oil,Liter,27,70,68,140,20,1,60.86956522
BENZOL( ATF) DEX-VI,بنزول (سائل ناقل حركة أوتوماتيكي) DEX-VI,Saudi BENZOL,OIL-379,BENZOL( ATF) DEX-VI - Saudi branch stock item,TRUE,Oil Change Department,Gear Oil,Liter,22,65,63,130,20,1,56.52173913
BENZOL BRAKE FLUID DOT-4,سائل فرامل بنزول DOT-4,Saudi BENZOL,OIL-380,BENZOL BRAKE FLUID DOT-4 - Saudi branch stock item,FALSE,Oil Change Department,Benzol Oil,Pcs,8,17,15,34,20,16,14.7826087
BENZOL BRAKE FLUID DOT-5.1,سائل فرامل بنزول DOT-5.1,Saudi BENZOL,OIL-381,BENZOL BRAKE FLUID DOT-5.1 - Saudi branch stock item,FALSE,Oil Change Department,Benzol Oil,Pcs,8,18,16,36,20,16,15.65217391
FILTER OIL MERCEDES STON A 2781800009,فلتر زيت مرسيدس STON A 2781800009,Saudi FILTER,FLT-382,FILTER OIL MERCEDES STON A 2781800009 - Saudi branch stock item,FALSE,Oil Change Department,Other Oil Filters,Pcs,30,45,43,90,20,7,39.13043478
FILTER OIL FORD FL-2124 -S,فلتر زيت فورد FL-2124 -S,Saudi FILTER,FLT-383,FILTER OIL FORD FL-2124 -S - Saudi branch stock item,FALSE,Oil Change Department,Other Oil Filters,Pcs,172,190,188,380,20,7,165.2173913
MERCEDES-BENZ OIL  5W30,زيت مرسيدس-بنز 5W30,Saudi MERCEDES,OIL-384,MERCEDES-BENZ OIL  5W30 - Saudi branch stock item,TRUE,Oil Change Department,Other Oils,Liter,33,51,49,102,20,2,44.34782609
MERCEDES-BENZ- STARPARTS OIL  5W40,زيت مرسيدس بنز ستاربارتس 5W40,Saudi MERCEDES,OIL-385,MERCEDES-BENZ- STARPARTS OIL  5W40 - Saudi branch stock item,TRUE,Oil Change Department,Other Oils,Liter,27,42,40,84,20,2,36.52173913
FILTER OIL MERCEDES ORIGINAL A 2781800009,فلتر زيت مرسيدس الأصلي A 2781800009,Saudi FILTER,FLT-386,FILTER OIL MERCEDES ORIGINAL A 2781800009 - Saudi branch stock item,FALSE,Oil Change Department,Other Oil Filters,Pcs,57,95,93,190,20,7,82.60869565
FILTER OIL MERCEDES ORIGINAL A 276180000990,فلتر زيت مرسيدس الأصلي A 276180000990,Saudi FILTER,FLT-387,FILTER OIL MERCEDES ORIGINAL A 276180000990 - Saudi branch stock item,FALSE,Oil Change Department,Other Oil Filters,Pcs,57,95,93,190,20,7,82.60869565
Range Oil Filter LR011279,فلتر زيت رينج LR011279,Saudi RANGE,FLT-388,Range Oil Filter LR011279 - Saudi branch stock item,FALSE,Oil Change Department,Other Oil Filters,Pcs,155,180,178,360,20,7,156.5217391
Treatment Gearbox and differential DMax,معالجة علبة التروس والترس التفاضلي DMax,Saudi TREATMENT,OIL-389,Treatment Gearbox and differential DMax - Saudi branch stock item,FALSE,Oil Change Department,Gear Oil Change Services,Each (ea),,75,73,150,20,17,65.2173913
Mobil Super 10W40,زيت موبيل سوبر 10W40,Saudi MOBIL,OIL-390,Mobil Super 10W40 - Saudi branch stock item,TRUE,Oil Change Department,Other Oils,Liter,13.5,27,25,54,20,2,23.47826087
Mobil ATF 320,زيت موبيل ATF 320,Saudi MOBIL,OIL-391,Mobil ATF 320 - Saudi branch stock item,TRUE,Oil Change Department,Gear Oil,Liter,15.5,23,21,46,20,1,20
DMax ENGINE FLUSH,منظف محرك DMax,Saudi DMAX,OIL-392,DMax ENGINE FLUSH - Saudi branch stock item,FALSE,Oil Change Department,Gear Oil,Pcs,30.7,70,68,140,20,1,60.86956522
wynn's DPF& GPF ON CAR CLEANER 500ml,منظف مرشح الجسيمات الديزل (DPF) ومرشح الجسيمات الجسيمية (GPF) من وينز، 500 مل,Saudi WYNN,PRO-393,wynn's DPF& GPF ON CAR CLEANER 500ml - Saudi branch stock item,FALSE,Oil Change Department,Misc Products,Pcs,85,120,118,240,20,3,104.3478261
SHELL HILEX OIL CHANGE SERVICES GEAR OR STEER,خدمات تغيير زيت ناقل الحركة أو التوجيه من شل هايلكس,Saudi SHELL,OIL-394,SHELL HILEX OIL CHANGE SERVICES GEAR OR STEER - Saudi branch stock item,TRUE,Oil Change Department,Shell Oil,Liter,12,14,12,28,20,9,12.17391304
FUCHS GEAR OIL ATF,زيت ناقل الحركة وزيت ناقل الحركة الأوتوماتيكي (ATF) من فوكس,Saudi FUCHS,OIL-395,FUCHS GEAR OIL ATF - Saudi branch stock item,TRUE,Oil Change Department,Gear Oil,Liter,12.5,18,16,36,20,1,15.65217391
ENGINE FILTER FORD STONE 1884,فلتر محرك فورد ستون 1884,Saudi ENGINE,FLT-396,ENGINE FILTER FORD STONE 1884 - Saudi branch stock item,FALSE,Oil Change Department,Engine Filter,Pcs,15,40,38,80,20,6,34.7826087
ENGINE FILTER HYUNDAI ELANTRA 2000,فلتر محرك هيونداي إلنترا 2000,Saudi ENGINE,FLT-397,ENGINE FILTER HYUNDAI ELANTRA 2000 - Saudi branch stock item,FALSE,Oil Change Department,Engine Filter,Pcs,20.7,35,33,70,20,6,30.43478261
SUNNY NISSAN ENGINE FILTER - ED500,فلتر محرك صني نيسان - ED500,Saudi SUNNY,FLT-398,SUNNY NISSAN ENGINE FILTER - ED500 - Saudi branch stock item,FALSE,Oil Change Department,Engine Filter,Pcs,14,30,28,60,20,6,26.08695652
Engine filter Hilux OC010,فلتر محرك هايلكس OC010,Saudi ENGINE,FLT-399,Engine filter Hilux OC010 - Saudi branch stock item,FALSE,Oil Change Department,Engine Filter,Pcs,25,45,43,90,20,6,39.13043478
Engine filter Hilux Toyama 0L040,فلتر محرك هايلكس توياما 0L040,Saudi ENGINE,FLT-400,Engine filter Hilux Toyama 0L040 - Saudi branch stock item,FALSE,Oil Change Department,Engine Filter,Pcs,16,45,43,90,20,6,39.13043478
Engine filter Haice stone 54100,فلتر محرك هايس ستون 54100,Saudi ENGINE,FLT-401,Engine filter Haice stone 54100 - Saudi branch stock item,FALSE,Oil Change Department,Engine Filter,Pcs,20,45,43,90,20,6,39.13043478
AMERICAN OIL FILTER 258,فلتر زيت أمريكي 258,Saudi AMERICAN,FLT-402,AMERICAN OIL FILTER 258 - Saudi branch stock item,FALSE,Oil Change Department,Other Oil Filters,Pcs,18,35,33,70,20,7,30.43478261
Engine filter Hyundai 1R100,فلتر محرك هيونداي 1R100,Saudi ENGINE,FLT-403,Engine filter Hyundai 1R100 - Saudi branch stock item,FALSE,Oil Change Department,Engine Filter,Pcs,9,40,38,80,20,6,34.7826087
AC DELCO oil filter 504,فلتر زيت AC DELCO 504,Saudi AC,FLT-404,AC DELCO oil filter 504 - Saudi branch stock item,FALSE,Oil Change Department,Other Oil Filters,Pcs,11,25,23,50,20,7,21.73913043
Hyundai Elantra engine filter C7000,فلتر محرك هيونداي إلنترا C7000,Saudi HYUNDAI,FLT-405,Hyundai Elantra engine filter C7000 - Saudi branch stock item,FALSE,Oil Change Department,Engine Filter,Pcs,18,45,43,90,20,6,39.13043478
Filter ISUZU Rocky 049-0 Corner,فلتر إيسوزو روكي 049-0 كورنر,Saudi FILTER,FLT-406,Filter ISUZU Rocky 049-0 Corner - Saudi branch stock item,FALSE,Oil Change Department,Other Oil Filters,Pcs,39,60,58,120,20,7,52.17391304
Oil Filter TUCSON 2M100,فلتر زيت توسان 2M100,Saudi OIL,FLT-407,Oil Filter TUCSON 2M100 - Saudi branch stock item,FALSE,Oil Change Department,Other Oil Filters,Pcs,35,50,48,100,20,7,43.47826087
ATF Toyota CVT 4 Ltr 08886-81905,زيت ناقل حركة أوتوماتيكي تويوتا CVT سعة 4 لتر 08886-81905,Saudi ATF,OIL-408,ATF Toyota CVT 4 Ltr 08886-81905 - Saudi branch stock item,TRUE,Oil Change Department,Gear Oil,Liter,38,46,44,92,20,1,40
Stone FH Armada 7S000,ستون FH أرمادا 7S000,Saudi STONE,FLT-409,Stone FH Armada 7S000 - Saudi branch stock item,FALSE,Oil Change Department,Other Filters,Pcs,18,40,38,80,20,12,34.7826087
Toyota Haice Diesel stone 30060,تويوتا هايس ديزل ستون 30060,Saudi TOYOTA,FLT-410,Toyota Haice Diesel stone 30060 - Saudi branch stock item,FALSE,Oil Change Department,TOYOTA Oil Filters,Pcs,22,45,43,90,20,18,39.13043478
Engine Filter MENTOC 28113 - 17100,فلتر محرك مينتوك 28113 - 17100,Saudi ENGINE,FLT-411,Engine Filter MENTOC 28113 - 17100 - Saudi branch stock item,FALSE,Oil Change Department,Engine Filter,Pcs,25,40,38,80,20,6,34.7826087
Fuchs Brake Fluid Dot 3,سائل فرامل فوكس دوت 3,Saudi FUCHS,OIL-412,Fuchs Brake Fluid Dot 3 - Saudi branch stock item,TRUE,Oil Change Department,FUCHS Oil,Liter,6.25,11,9,22,20,14,9.565217391
OIL FILTER NISSAN 1191 / 1106 BIG ORIGINAL,فلتر زيت نيسان 1191 / 1106 كبير أصلي,Saudi OIL,FLT-413,OIL FILTER NISSAN 1191 / 1106 BIG ORIGINAL - Saudi branch stock item,FALSE,Oil Change Department,Other Oil Filters,Pcs,27,35,33,70,20,7,30.43478261
Stone  Filter Engine Mitsubshi ME 215002,فلتر محرك ستون ميتسوبيشي ME ٢١٥٠٠٢,Saudi STONE,FLT-414,Stone  Filter Engine Mitsubshi ME 215002 - Saudi branch stock item,FALSE,Oil Change Department,Engine Filter,Pcs,22,45,43,90,20,6,39.13043478
Oil Filter Van Iron 4A001,فلتر زيت شاحنة حديد ٤A٠٠١,Saudi OIL,FLT-415,Oil Filter Van Iron 4A001 - Saudi branch stock item,FALSE,Oil Change Department,Other Oil Filters,Pcs,28.75,45,43,90,20,7,39.13043478
Engine Filter Diyana 8-98321-413,فلتر محرك ديانا ٨-٩٨٣٢١-٤١٣,Saudi ENGINE,FLT-416,Engine Filter Diyana 8-98321-413 - Saudi branch stock item,FALSE,Oil Change Department,Engine Filter,Pcs,51.75,75,73,150,20,6,65.2173913
TOYOTA RADIATOR WATER,ماء رادياتير تويوتا,Saudi TOYOTA,PRO-417,TOYOTA RADIATOR WATER - Saudi branch stock item,FALSE,Oil Change Department,Misc Products,Pcs,34,55,53,110,20,3,47.82608696
Suzuki Oil Filter 68K20,فلتر زيت سوزوكي ٦٨K٢٠,Saudi SUZUKI,FLT-418,Suzuki Oil Filter 68K20 - Saudi branch stock item,FALSE,Oil Change Department,Other Oil Filters,Pcs,12,30,28,60,20,7,26.08695652
Nissan oil filter Original (1194)-43G0A-01,فلتر زيت نيسان أصلي (١١٩٤)-٤٣G٠A-٠١,Saudi NISSAN,FLT-419,Nissan oil filter Original (1194)-43G0A-01 - Saudi branch stock item,FALSE,Oil Change Department,Other Oil Filters,Pcs,28.75,45,43,90,20,7,39.13043478
EZI Extra Transmission and Differential Treatment 50ml,معالج ناقل الحركة والتروس التفاضلية EZI إضافي ٥٠ مل,Saudi EZI,OIL-420,EZI Extra Transmission and Differential Treatment 50ml - Saudi branch stock item,FALSE,Oil Change Department,Gear Oil,Pcs,42.5,65,63,130,20,1,56.52173913
OIL FILTER FORD S400 (FL-400) / FL 2141,فلتر زيت فورد S٤٠٠ (FL-٤٠٠) / FL ٢١٤١,Saudi OIL,FLT-421,OIL FILTER FORD S400 (FL-400) / FL 2141 - Saudi branch stock item,FALSE,Oil Change Department,Other Oil Filters,Pcs,15.5,25,23,50,20,7,21.73913043
OIL FILTER NISSAN DIESEL1194,فلتر زيت نيسان ديزل ١١٩٤,Saudi OIL,FLT-422,OIL FILTER NISSAN DIESEL1194 - Saudi branch stock item,FALSE,Oil Change Department,Other Oil Filters,Pcs,33,35,33,70,20,7,30.43478261
Mitsubishi oil filter MD352626,فلتر زيت ميتسوبيشي MD٣٥٢٦٢٦,Saudi MITSUBISHI,FLT-423,Mitsubishi oil filter MD352626 - Saudi branch stock item,FALSE,Oil Change Department,Other Oil Filters,Pcs,36.8,45,43,90,20,7,39.13043478
Oil filter Hyundai 3N000,فلتر زيت هيونداي ٣N٠٠٠,Saudi OIL,FLT-424,Oil filter Hyundai 3N000 - Saudi branch stock item,FALSE,Oil Change Department,HYUNDAI Oil Filters,Pcs,27,40,38,80,20,11,34.7826087
AC FILTER STONE COROLA 52010,فلتر مكيف هواء ستون كورولا ٥٢٠١٠,Saudi AC,FLT-425,AC FILTER STONE COROLA 52010 - Saudi branch stock item,FALSE,Oil Change Department,AC Filters,Pcs,17.25,30,28,60,20,8,26.08695652
Filter Mitsubishi Fuso Canter MSO18 / ME-215002 CORNER,فلتر ميتسوبيشي فوسو كانتر MSO١٨ / ME-٢١٥٠٠٢ زاوية,Saudi FILTER,FLT-426,Filter Mitsubishi Fuso Canter MSO18 / ME-215002 CORNER - Saudi branch stock item,FALSE,Oil Change Department,Other Oil Filters,Pcs,27,47,45,94,20,7,40.86956522
Shell Rotella 15W40 4Ltr,شل روتيلا ١٥W٤٠ ٤ لتر,Saudi SHELL,OIL-427,Shell Rotella 15W40 4Ltr - Saudi branch stock item,TRUE,Oil Change Department,Shell Oil,Liter,11.75,15.5,13.5,31,20,9,13.47826087
ATF Gear Oil 500ML,زيت تروس ناقل الحركة الأوتوماتيكي ٥٠٠ مل,Saudi ATF,OIL-428,ATF Gear Oil 500ML - Saudi branch stock item,FALSE,Oil Change Department,Gear Oil,Bottle,2.53,5,3,10,20,1,4.347826087
Motorcraft ATF Mercon LV,موتوركرافت ATF ميركون LV,Saudi MOTORCRAFT,OIL-429,Motorcraft ATF Mercon LV - Saudi branch stock item,TRUE,Oil Change Department,Gear Oil,Liter,19.16,30,28,60,20,1,26.08695652
Toyota Oil Filter 30002 Corner,فلتر زيت تويوتا 30002 زاوية,Saudi TOYOTA,FLT-430,Toyota Oil Filter 30002 Corner - Saudi branch stock item,FALSE,Oil Change Department,TOYOTA Oil Filters,Pcs,16,35,33,70,20,18,30.43478261
Nissan Oil 20W50,زيت نيسان 20W50,Saudi NISSAN,OIL-431,Nissan Oil 20W50 - Saudi branch stock item,FALSE,Oil Change Department,Other Oils,Bottle,12.5,16.5,14.5,33,20,2,14.34782609
OIL FILTER Hyundai ( GENESIS ) 3CKB0,فلتر زيت هيونداي (جينيسيس) 3CKB0,Saudi OIL,FLT-432,OIL FILTER Hyundai ( GENESIS ) 3CKB0 - Saudi branch stock item,FALSE,Oil Change Department,HYUNDAI Oil Filters,Pcs,29,45,43,90,20,11,39.13043478
ATF Toyota Ws 08886-81885,زيت ناقل حركة أوتوماتيكي تويوتا WS 08886-81885,Saudi ATF,OIL-433,ATF Toyota Ws 08886-81885 - Saudi branch stock item,TRUE,Oil Change Department,Gear Oil,Liter,27,40,38,80,20,1,34.7826087
MotorCraft 10W30 1Ltr,زيت موتوركرافت 10W30 سعة 1 لتر,Saudi MOTORCRAFT,OIL-434,MotorCraft 10W30 1Ltr - Saudi branch stock item,TRUE,Oil Change Department,Other Oils,Liter,12.5,18,16,36,20,2,15.65217391
Engine Filter 1518S,فلتر محرك 1518S,Saudi ENGINE,FLT-435,Engine Filter 1518S - Saudi branch stock item,FALSE,Oil Change Department,Engine Filter,Pcs,20,50,48,100,20,6,43.47826087
isuzu OIl Filter corner 9270,فلتر زيت إيسوزو زاوية 9270,Saudi ISUZU,FLT-436,isuzu OIl Filter corner 9270 - Saudi branch stock item,FALSE,Oil Change Department,Other Oil Filters,Pcs,12,20,18,40,20,7,17.39130435
"Wiper HAVOLINE 14""",ماسحة زجاج هافولين 14 بوصة,Saudi WIPER,PRO-437,"Wiper HAVOLINE 14"" - Saudi branch stock item",FALSE,Oil Change Department,Misc Products,Pcs,2.6,10,8,20,20,3,8.695652174
ISUZU DYNA ORIGINAL PAPER 18858-0,ورقة إيسوزو داينا الأصلية 18858-0,Saudi ISUZU,FLT-438,ISUZU DYNA ORIGINAL PAPER 18858-0 - Saudi branch stock item,FALSE,Oil Change Department,Other Oil Filters,Pcs,35,60,58,120,20,7,52.17391304
Mobil Delvac 15W40 1400 5Ltr,زيت موبيل ديلفاك 15W40 سعة 1400 لتر,Saudi MOBIL,OIL-439,Mobil Delvac 15W40 1400 5Ltr - Saudi branch stock item,TRUE,Oil Change Department,Other Oils,Liter,11.25,13.5,11.5,27,20,2,11.73913043
FUCHS DIESEL / Benzene 15W40,زيت فوكس ديزل/بنزين 15W40,Saudi FUCHS,OIL-440,FUCHS DIESEL / Benzene 15W40 - Saudi branch stock item,TRUE,Oil Change Department,FUCHS Oil,Liter,12,13.5,11.5,27,20,14,11.73913043
"Wiper HAVOLINE 26""",ماسحة زجاج هافولين 26 بوصة,Saudi WIPER,PRO-441,"Wiper HAVOLINE 26"" - Saudi branch stock item",FALSE,Oil Change Department,Misc Products,Pcs,3.45,12.5,10.5,25,20,3,10.86956522
Lucas Transmission Fix L 10009,مسدس لوكاس لتثبيت ناقل الحركة L 10009,Saudi LUCAS,OIL-442,Lucas Transmission Fix L 10009 - Saudi branch stock item,FALSE,Oil Change Department,Gear Oil,Bottle,80,140,138,280,20,1,121.7391304
OIL FILTER Toyota Z030,فلتر زيت تويوتا Z030,Saudi OIL,FLT-443,OIL FILTER Toyota Z030 - Saudi branch stock item,FALSE,Oil Change Department,TOYOTA Oil Filters,Pcs,35,55,53,110,20,18,47.82608696
Oil filter isuzu 1-87610289-0,فلتر زيت إيسوزو 1-87610289-0,Saudi OIL,FLT-444,Oil filter isuzu 1-87610289-0 - Saudi branch stock item,FALSE,Oil Change Department,Other Oil Filters,Pcs,65,85,83,170,20,7,73.91304348
"Wiper HAVOLINE 22""",ماسحة زجاج هافولين ٢٢ بوصة,Saudi WIPER,PRO-445,"Wiper HAVOLINE 22"" - Saudi branch stock item",FALSE,Oil Change Department,Misc Products,Pcs,2.88,10,8,20,20,3,8.695652174
CAMRY ENGINE FILTER 25020,فلتر محرك كامري ٢٥٠٢٠,Saudi CAMRY,FLT-446,CAMRY ENGINE FILTER 25020 - Saudi branch stock item,FALSE,Oil Change Department,Engine Filter,Pcs,20,45,43,90,20,6,39.13043478
OIL FILTER ISUZU 98165071-0 CORNER DIESEL,فلتر زيت إيسوزو ٩٨١٦٥٠٧١-٠ ديزل زاوية,Saudi OIL,FLT-447,OIL FILTER ISUZU 98165071-0 CORNER DIESEL - Saudi branch stock item,FALSE,Oil Change Department,Other Oil Filters,Pcs,11,25,23,50,20,7,21.73913043
OIL FILTER Mitsubishi MZ691140,فلتر زيت ميتسوبيشي MZ٦٩١١٤٠,Saudi OIL,FLT-448,OIL FILTER Mitsubishi MZ691140 - Saudi branch stock item,FALSE,Oil Change Department,Other Oil Filters,Pcs,22,25,23,50,20,7,21.73913043
Water SAQAYA RED 4 Ltr,ماء ساكايا أحمر ٤ لتر,Saudi WATER,PRO-449,Water SAQAYA RED 4 Ltr - Saudi branch stock item,FALSE,Oil Change Department,Misc Products,Can,3,10,8,20,20,3,8.695652174
AMERICAN OIL FILTER 61,فلتر زيت أمريكي ٦١,Saudi AMERICAN,FLT-450,AMERICAN OIL FILTER 61 - Saudi branch stock item,FALSE,Oil Change Department,Other Oil Filters,Pcs,13.5,25,23,50,20,7,21.73913043
"Wiper HAVOLINE 18""",ماسحة زجاج هافولين ١٨ بوصة,Saudi WIPER,PRO-451,"Wiper HAVOLINE 18"" - Saudi branch stock item",FALSE,Oil Change Department,Misc Products,Pcs,2.6,10,8,20,20,3,8.695652174
NISSAN Filter 15208 - 65F1B / 65F0A,فلتر نيسان ١٥٢٠٨ - ٦٥F١B / ٦٥F٠A,Saudi NISSAN,FLT-452,NISSAN Filter 15208 - 65F1B / 65F0A - Saudi branch stock item,FALSE,Oil Change Department,Other Oil Filters,Pcs,18.5,28,26,56,20,7,24.34782609
AC filter camery 06050,فلتر مكيف كامري ٠٦٠٥٠,Saudi AC,FLT-453,AC filter camery 06050 - Saudi branch stock item,FALSE,Oil Change Department,AC Filters,Pcs,12,30,28,60,20,8,26.08695652
"Wiper HAVOLINE 20""",ماسحة زجاج هافولين ٢٠ بوصة,Saudi WIPER,PRO-454,"Wiper HAVOLINE 20"" - Saudi branch stock item",FALSE,Oil Change Department,Misc Products,Pcs,2.88,10,8,20,20,3,8.695652174
"Wiper HAVOLINE 24""",ماسحة زجاج هافولين ٢٤ بوصة,Saudi WIPER,PRO-455,"Wiper HAVOLINE 24"" - Saudi branch stock item",FALSE,Oil Change Department,Misc Products,Pcs,3,12.5,10.5,25,20,3,10.86956522
Water SAQAYA Green 4 Ltr,ماء ساكايا أخضر ٤ لتر,Saudi WATER,PRO-456,Water SAQAYA Green 4 Ltr - Saudi branch stock item,FALSE,Oil Change Department,Misc Products,Can,3,10,8,20,20,3,8.695652174
"Wiper HAVOLINE 16""",ماسحة زجاج هافولين ١٦ بوصة,Saudi WIPER,PRO-457,"Wiper HAVOLINE 16"" - Saudi branch stock item",FALSE,Oil Change Department,Misc Products,Pcs,2.6,10,8,20,20,3,8.695652174
Oil filter Toyota 10010 land cruiser new,فلتر زيت تويوتا ١٠٠١٠ لاند كروزر جديد,Saudi OIL,FLT-458,Oil filter Toyota 10010 land cruiser new - Saudi branch stock item,FALSE,Oil Change Department,TOYOTA Oil Filters,Pcs,37,55,53,110,20,18,47.82608696
KIXX G1 5W30,كيكس G١ ٥W٣٠,Saudi KIXX,OIL-459,KIXX G1 5W30 - Saudi branch stock item,TRUE,Oil Change Department,Other Oils,Liter,17.03,25,23,50,20,2,21.73913043
TOTAL 20W50,توتال ٢٠W٥٠,Saudi TOTAL,OIL-460,TOTAL 20W50 - Saudi branch stock item,TRUE,Oil Change Department,Other Oils,Liter,11.25,16,14,32,20,2,13.91304348
Filter Jumbo Paper 8-98018858-0 Stone,فلتر ورقي جامبو ٨-٩٨٠١٨٨٥٨-٠ حجري,Saudi FILTER,FLT-461,Filter Jumbo Paper 8-98018858-0 Stone - Saudi branch stock item,FALSE,Oil Change Department,Other Oil Filters,Pcs,18,47,45,94,20,7,40.86956522
Filter Mitsubishi Fuso Canter MSO18 / ME-215002 STONE,فلتر ميتسوبيشي فوسو كانتر MSO18 / ME-215002 ستون,Saudi FILTER,FLT-462,Filter Mitsubishi Fuso Canter MSO18 / ME-215002 STONE - Saudi branch stock item,FALSE,Oil Change Department,Other Oil Filters,Pcs,22,33,31,66,20,7,28.69565217
"Wiper HANSA 14""",ماسحة زجاج هانسا 14 بوصة,Saudi WIPER,PRO-463,"Wiper HANSA 14"" - Saudi branch stock item",FALSE,Oil Change Department,Misc Products,Pcs,3.75,15,13,30,20,3,13.04347826
Silicon,سيليكون,Saudi SILICON,PRO-464,Silicon - Saudi branch stock item,FALSE,Oil Change Department,Misc Products,Pcs,13.05,1,-1,2,20,3,0.869565217
OIL FILTER 3CAA0 Hyundai (AZEERA) PETROL,فلتر زيت 3CAA0 هيونداي (أزيرا) بنزين,Saudi OIL,FLT-465,OIL FILTER 3CAA0 Hyundai (AZEERA) PETROL - Saudi branch stock item,FALSE,Oil Change Department,HYUNDAI Oil Filters,Pcs,24,45,43,90,20,11,39.13043478
Hyundai Filter Sonata 2S000 Asely,فلتر هيونداي سوناتا 2S000 أسيل,Saudi HYUNDAI,FLT-466,Hyundai Filter Sonata 2S000 Asely - Saudi branch stock item,FALSE,Oil Change Department,HYUNDAI Oil Filters,Pcs,26,45,43,90,20,11,39.13043478
ISUZU OIL FILTER Jumbo 98328207 ORIGINAL,فلتر زيت إيسوزو جامبو أصلي 98328207,Saudi ISUZU,FLT-467,ISUZU OIL FILTER Jumbo 98328207 ORIGINAL - Saudi branch stock item,FALSE,Oil Change Department,Other Oil Filters,Pcs,47,85,83,170,20,7,73.91304348
FUCHS 5W20,فوكس 5W20,Saudi FUCHS,OIL-468,FUCHS 5W20 - Saudi branch stock item,TRUE,Oil Change Department,FUCHS Oil,Liter,22,26,24,52,20,14,22.60869565
"Wiper HANSA 26""",ماسحة زجاج هانسا 26 بوصة,Saudi WIPER,PRO-469,"Wiper HANSA 26"" - Saudi branch stock item",FALSE,Oil Change Department,Misc Products,Pcs,6.04,17.5,15.5,35,20,3,15.2173913
Hyundai oil filter Elantra 2M000,فلتر زيت هيونداي إلنترا 2M000,Saudi HYUNDAI,FLT-470,Hyundai oil filter Elantra 2M000 - Saudi branch stock item,FALSE,Oil Change Department,HYUNDAI Oil Filters,Pcs,27,45,43,90,20,11,39.13043478
OIL FILTER Toyota TD004,فلتر زيت تويوتا TD004,Saudi OIL,FLT-471,OIL FILTER Toyota TD004 - Saudi branch stock item,FALSE,Oil Change Department,TOYOTA Oil Filters,Pcs,21,35,33,70,20,18,30.43478261
TOYOTA 10W30 10K Plastic,زيت تويوتا 10W30 10K بلاستيكي,Saudi TOYOTA,OIL-472,TOYOTA 10W30 10K Plastic - Saudi branch stock item,FALSE,Oil Change Department,TOYOTA Oil,Bottle,21.67,27,25,54,20,4,23.47826087
SHELL HILEX 10W40,شل هايلكس 10W40,Saudi SHELL,OIL-473,SHELL HILEX 10W40 - Saudi branch stock item,TRUE,Oil Change Department,Shell Oil,Liter,17.25,28,26,56,20,9,24.34782609
"Wiper HANSA 18""",ماسحة زجاج هانسا 18 بوصة,Saudi WIPER,PRO-474,"Wiper HANSA 18"" - Saudi branch stock item",FALSE,Oil Change Department,Misc Products,Pcs,4.03,15,13,30,20,3,13.04347826
BENZOL DIESEL 10W40,بنزول ديزل 10W40,Saudi BENZOL,OIL-475,BENZOL DIESEL 10W40 - Saudi branch stock item,TRUE,Oil Change Department,Benzol Oil,Liter,19.17,25,23,50,20,16,21.73913043
OIL FILTER ISUZU 71 DIESEL ORIGINAL,فلتر زيت إيسوزو 71 ديزل أصلي,Saudi OIL,FLT-476,OIL FILTER ISUZU 71 DIESEL ORIGINAL - Saudi branch stock item,FALSE,Oil Change Department,Other Oil Filters,Pcs,35,55,53,110,20,7,47.82608696
OIL FILTER Toyota D6,فلتر زيت تويوتا D6,Saudi OIL,FLT-477,OIL FILTER Toyota D6 - Saudi branch stock item,FALSE,Oil Change Department,TOYOTA Oil Filters,Pcs,16.5,33,31,66,20,18,28.69565217
Mobil Super 5W30,موبيل سوبر 5W30,Saudi MOBIL,OIL-478,Mobil Super 5W30 - Saudi branch stock item,TRUE,Oil Change Department,Other Oils,Liter,23.75,29,27,58,20,2,25.2173913
ATF Hyundai SP IV Gear Oil,زيت ناقل حركة أوتوماتيكي هيونداي SP IV,Saudi ATF,OIL-479,ATF Hyundai SP IV Gear Oil - Saudi branch stock item,TRUE,Oil Change Department,Gear Oil,Liter,34,75,73,150,20,1,65.2173913
AMERICAN OIL FILTER 63,فلتر زيت أمريكي 63,Saudi AMERICAN,FLT-480,AMERICAN OIL FILTER 63 - Saudi branch stock item,FALSE,Oil Change Department,Other Oil Filters,Pcs,14.5,25,23,50,20,7,21.73913043
Petromin 2S,بترومين 2S,Saudi PETROMIN,OIL-481,Petromin 2S - Saudi branch stock item,FALSE,Oil Change Department,Petromin Oil,Bottle,6.04,9,7,18,20,5,7.826086957
OIL FILTER Hyundai ELANTRA DIESEL 3C30A,فلتر زيت هيونداي إلنترا ديزل 3C30A,Saudi OIL,FLT-482,OIL FILTER Hyundai ELANTRA DIESEL 3C30A - Saudi branch stock item,FALSE,Oil Change Department,HYUNDAI Oil Filters,Pcs,25,45,43,90,20,11,39.13043478
OIL FILTER Hyundai ELANTRA PETROL 2J001 / 2J000,فلتر زيت هيونداي إلنترا بنزين 2J001 / 2J000,Saudi OIL,FLT-483,OIL FILTER Hyundai ELANTRA PETROL 2J001 / 2J000 - Saudi branch stock item,FALSE,Oil Change Department,HYUNDAI Oil Filters,Pcs,28,45,43,90,20,11,39.13043478
Mobil Super 20W50 Hadeed,موبيل سوبر 20W50 حديد,Saudi MOBIL,OIL-484,Mobil Super 20W50 Hadeed - Saudi branch stock item,TRUE,Oil Change Department,Other Oils,Liter,10.42,14,12,28,20,2,12.17391304
OIL FILTER FORD FL 2131,فلتر زيت فورد FL 2131,Saudi OIL,FLT-485,OIL FILTER FORD FL 2131 - Saudi branch stock item,FALSE,Oil Change Department,Other Oil Filters,Pcs,15.5,25,23,50,20,7,21.73913043
"Wiper HANSA 16""",مساحات هانسا 16 بوصة,Saudi WIPER,PRO-486,"Wiper HANSA 16"" - Saudi branch stock item",FALSE,Oil Change Department,Misc Products,Pcs,3.75,15,13,30,20,3,13.04347826
"Wiper HANSA 20""",مساحات هانسا 20 بوصة,Saudi WIPER,PRO-487,"Wiper HANSA 20"" - Saudi branch stock item",FALSE,Oil Change Department,Misc Products,Pcs,4.17,15,13,30,20,3,13.04347826
Lexus Oil 5W30,زيت لكزس 5W30,Saudi LEXUS,OIL-488,Lexus Oil 5W30 - Saudi branch stock item,TRUE,Oil Change Department,TOYOTA Oil,Liter,32.33,36,34,72,20,4,31.30434783
KIXX 10W30,كيكس 10W30,Saudi KIXX,OIL-489,KIXX 10W30 - Saudi branch stock item,TRUE,Oil Change Department,Other Oils,Liter,14,18,16,36,20,2,15.65217391
MOTORCRAFT 5W30 Normal,موتوركرافت 5W30 عادي,Saudi MOTORCRAFT,OIL-490,MOTORCRAFT 5W30 Normal - Saudi branch stock item,TRUE,Oil Change Department,Other Oils,Liter,12.5,16,14,32,20,2,13.91304348
OIL FILTER FORD FL 2133 / FL 500S,فلتر زيت فورد FL 2133 / FL 500S,Saudi OIL,FLT-491,OIL FILTER FORD FL 2133 / FL 500S - Saudi branch stock item,FALSE,Oil Change Department,Other Oil Filters,Pcs,16.52,25,23,50,20,7,21.73913043
FUCHS 0W20,فوكس 0W20,Saudi FUCHS,OIL-492,FUCHS 0W20 - Saudi branch stock item,TRUE,Oil Change Department,FUCHS Oil,Liter,17.5,26,24,52,20,14,22.60869565
OIL FILTER Toyota D2,فلتر زيت تويوتا D2,Saudi OIL,FLT-493,OIL FILTER Toyota D2 - Saudi branch stock item,FALSE,Oil Change Department,TOYOTA Oil Filters,Pcs,12,20,18,40,20,18,17.39130435
OIL FILTER Toyota D5,فلتر زيت تويوتا D5,Saudi OIL,FLT-494,OIL FILTER Toyota D5 - Saudi branch stock item,FALSE,Oil Change Department,TOYOTA Oil Filters,Pcs,20,35,33,70,20,18,30.43478261
OIL FILTER MAZDA 302A SMALL,فلتر زيت مازدا 302A صغير,Saudi OIL,FLT-495,OIL FILTER MAZDA 302A SMALL - Saudi branch stock item,FALSE,Oil Change Department,Other Oil Filters,Pcs,18,33,31,66,20,7,28.69565217
Oil Filter Ford FL-2142,فلتر زيت فورد FL-2142,Saudi OIL,FLT-496,Oil Filter Ford FL-2142 - Saudi branch stock item,FALSE,Oil Change Department,Other Oil Filters,Pcs,17.5,25,23,50,20,7,21.73913043
Mobil Super 10W30,موبيل سوبر 10W30,Saudi MOBIL,OIL-497,Mobil Super 10W30 - Saudi branch stock item,TRUE,Oil Change Department,Other Oils,Liter,11.83,16,14,32,20,2,13.91304348
TOTAL 10W30,توتال 10W30,Saudi TOTAL,OIL-498,TOTAL 10W30 - Saudi branch stock item,TRUE,Oil Change Department,Other Oils,Liter,11.46,16,14,32,20,2,13.91304348
Toyota 5W30,تويوتا 5W30,Saudi TOYOTA,OIL-499,Toyota 5W30 - Saudi branch stock item,FALSE,Oil Change Department,TOYOTA Oil,Bottle,28.33,32,30,64,20,4,27.82608696
OIL FILTER Hyundai SANTA FE DIESEL F100,فلتر زيت هيونداي سانتا فيه ديزل F100,Saudi OIL,FLT-500,OIL FILTER Hyundai SANTA FE DIESEL F100 - Saudi branch stock item,FALSE,Oil Change Department,HYUNDAI Oil Filters,Pcs,32,50,48,100,20,11,43.47826087
TOYOTA 0W20,تويوتا 0W20,Saudi TOYOTA,OIL-501,TOYOTA 0W20 - Saudi branch stock item,TRUE,Oil Change Department,TOYOTA Oil,Liter,29.17,37,35,74,20,4,32.17391304
"Wiper HANSA 22""",مساحات هانسا 22 بوصة,Saudi WIPER,PRO-502,"Wiper HANSA 22"" - Saudi branch stock item",FALSE,Oil Change Department,Misc Products,Pcs,4.31,17.5,15.5,35,20,3,15.2173913
brake fluid USA 21 Dot 3,سائل فرامل أمريكي 21 دوت 3,Saudi BRAKE,PRO-503,brake fluid USA 21 Dot 3 - Saudi branch stock item,FALSE,Oil Change Department,Misc Products,Pcs,8.75,13,11,26,20,3,11.30434783
MOTORCRAFT 5W20,موتوركرافت 5W20,Saudi MOTORCRAFT,OIL-504,MOTORCRAFT 5W20 - Saudi branch stock item,TRUE,Oil Change Department,Other Oils,Liter,12.5,16,14,32,20,2,13.91304348
HONDA 5W30,هوندا 5W30,Saudi HONDA,OIL-505,HONDA 5W30 - Saudi branch stock item,TRUE,Oil Change Department,Other Oils,Liter,20,26,24,52,20,2,22.60869565
OIL FILTER ( HYUNDAI ) 503 small,فلتر زيت (هيونداي) 503 صغير,Saudi OIL,FLT-506,OIL FILTER ( HYUNDAI ) 503 small - Saudi branch stock item,FALSE,Oil Change Department,HYUNDAI Oil Filters,Pcs,13.5,20,18,40,20,11,17.39130435
OIL FILTER Toyota E2,فلتر زيت تويوتا E2,Saudi OIL,FLT-507,OIL FILTER Toyota E2 - Saudi branch stock item,FALSE,Oil Change Department,TOYOTA Oil Filters,Pcs,13.8,20,18,40,20,18,17.39130435
TOYOTA 5W40,تويوتا 5W40,Saudi TOYOTA,OIL-508,TOYOTA 5W40 - Saudi branch stock item,TRUE,Oil Change Department,TOYOTA Oil,Liter,28.33,36,34,72,20,4,31.30434783
GULF 20W50,جلف 20W50,Saudi GULF,OIL-509,GULF 20W50 - Saudi branch stock item,TRUE,Oil Change Department,Other Oils,Liter,11.88,17,15,34,20,2,14.7826087
OIL FILTER Toyota PAPER D4,فلتر زيت تويوتا ورقي D4,Saudi OIL,FLT-510,OIL FILTER Toyota PAPER D4 - Saudi branch stock item,FALSE,Oil Change Department,TOYOTA Oil Filters,Pcs,23,40,38,80,20,18,34.7826087
CASTROL 10W40,كاسترول 10W40,Saudi CASTROL,OIL-511,CASTROL 10W40 - Saudi branch stock item,TRUE,Oil Change Department,Castrol Oil,Liter,17.92,26,24,52,20,15,22.60869565
"Wiper HANSA 24""",ماسحة زجاج هانسا 24 بوصة,Saudi WIPER,PRO-512,"Wiper HANSA 24"" - Saudi branch stock item",FALSE,Oil Change Department,Misc Products,Pcs,4.6,17.5,15.5,35,20,3,15.2173913
AMERICAN OIL FILTER 48,فلتر زيت أمريكي 48,Saudi AMERICAN,FLT-513,AMERICAN OIL FILTER 48 - Saudi branch stock item,FALSE,Oil Change Department,Other Oil Filters,Pcs,13,25,23,50,20,7,21.73913043
KIXX 20W50,كيكس 20W50,Saudi KIXX,OIL-514,KIXX 20W50 - Saudi branch stock item,TRUE,Oil Change Department,Other Oils,Liter,14,18,16,36,20,2,15.65217391
OIL FILTER HONDA ACORD A02,فلتر زيت هوندا أكورد A02,Saudi OIL,FLT-515,OIL FILTER HONDA ACORD A02 - Saudi branch stock item,FALSE,Oil Change Department,Other Oil Filters,Pcs,15.5,25,23,50,20,7,21.73913043
SHELL HILEX 20W50,شل هايلكس 20W50,Saudi SHELL,OIL-516,SHELL HILEX 20W50 - Saudi branch stock item,TRUE,Oil Change Department,Shell Oil,Liter,11.25,15,13,30,20,9,13.04347826
Shell Rimula Diesel 20W50,شل ريمولا ديزل 20W50,Saudi SHELL,OIL-517,Shell Rimula Diesel 20W50 - Saudi branch stock item,TRUE,Oil Change Department,Shell Oil,Liter,10.62,13,11,26,20,9,11.30434783
TOYOTA 10W40,تويوتا 10W40,Saudi TOYOTA,OIL-518,TOYOTA 10W40 - Saudi branch stock item,TRUE,Oil Change Department,TOYOTA Oil,Liter,20,27,25,54,20,4,23.47826087
collected oil,زيت مجمع,Saudi COLLECTED,OIL-519,collected oil - Saudi branch stock item,TRUE,Oil Change Department,Other Oils,Liter,0.1,1,-1,2,20,2,0.869565217
SHELL HILEX 5W40,شل هايلكس 5W40,Saudi SHELL,OIL-520,SHELL HILEX 5W40 - Saudi branch stock item,TRUE,Oil Change Department,Shell Oil,Liter,23.33,30,28,60,20,9,26.08695652
OIL FILTER Toyota D1,فلتر زيت تويوتا D1,Saudi OIL,FLT-521,OIL FILTER Toyota D1 - Saudi branch stock item,FALSE,Oil Change Department,TOYOTA Oil Filters,Pcs,18,35,33,70,20,18,30.43478261
PETROMIN 5W30,بترومين 5W30,Saudi PETROMIN,OIL-522,PETROMIN 5W30 - Saudi branch stock item,TRUE,Oil Change Department,Petromin Oil,Liter,20.52,30,28,60,20,5,26.08695652
OIL FILTER TOYOTA 10009 ORIGINAL,فلتر زيت تويوتا 10009 أصلي,Saudi OIL,FLT-523,OIL FILTER TOYOTA 10009 ORIGINAL - Saudi branch stock item,FALSE,Oil Change Department,TOYOTA Oil Filters,Pcs,30,50,48,100,20,18,43.47826087
Shell Rumaila Diesel (Barrel) 20W50,شل ريمولا ديزل (برميل) 20W50,Saudi SHELL,OIL-524,Shell Rumaila Diesel (Barrel) 20W50 - Saudi branch stock item,TRUE,Oil Change Department,Shell Oil,Liter,8.85,11.65,9.65,23.3,20,9,10.13043478
Petromin ATF Automatic Gear Oil,زيت ناقل حركة أوتوماتيكي بترومين ATF,Saudi PETROMIN,OIL-525,Petromin ATF Automatic Gear Oil - Saudi branch stock item,FALSE,Oil Change Department,Gear Oil,Bottle,8.75,18,16,36,20,1,15.65217391
OIL FILTER NISSAN SMALL (Maxima 31uB-15208),فلتر زيت نيسان صغير (ماكسيما 31uB-15208),Saudi OIL,FLT-526,OIL FILTER NISSAN SMALL (Maxima 31uB-15208) - Saudi branch stock item,FALSE,Oil Change Department,Other Oil Filters,Pcs,20,30,28,60,20,7,26.08695652
FUCHS 5W30,فوكس 5W30,Saudi FUCHS,OIL-527,FUCHS 5W30 - Saudi branch stock item,TRUE,Oil Change Department,FUCHS Oil,Liter,18.75,24,22,48,20,14,20.86956522
OIL FILTER Toyota N2,فلتر زيت تويوتا N2,Saudi OIL,FLT-528,OIL FILTER Toyota N2 - Saudi branch stock item,FALSE,Oil Change Department,TOYOTA Oil Filters,Pcs,13.5,20,18,40,20,18,17.39130435
WATER 1 LITER,ماء 1 لتر,Saudi WATER,PRO-529,WATER 1 LITER - Saudi branch stock item,FALSE,Oil Change Department,Misc Products,Pcs,1.01,2,0,4,20,3,1.739130435
CASTROL 5W30,كاسترول 5W30,Saudi CASTROL,OIL-530,CASTROL 5W30 - Saudi branch stock item,TRUE,Oil Change Department,Castrol Oil,Liter,20,26,24,52,20,15,22.60869565
Shell Helix 15W40 Petrol 1 Ltr,شل هيلكس 15W40 بنزين 1 لتر,Saudi SHELL,OIL-531,Shell Helix 15W40 Petrol 1 Ltr - Saudi branch stock item,TRUE,Oil Change Department,Shell Oil,Liter,13.75,18,16,36,20,9,15.65217391
Toyota diesel 15W40,تويوتا ديزل 15W40,Saudi TOYOTA,OIL-532,Toyota diesel 15W40 - Saudi branch stock item,TRUE,Oil Change Department,TOYOTA Oil,Liter,11.79,15.5,13.5,31,20,4,13.47826087
SHELL SUPER 20W50,شل سوبر 20W50,Saudi SHELL,OIL-533,SHELL SUPER 20W50 - Saudi branch stock item,TRUE,Oil Change Department,Shell Oil,Liter,13.5,17,15,34,20,9,14.7826087
Filter Oil 5W30,فلتر زيت 5W30,Saudi FILTER,FLT-534,Filter Oil 5W30 - Saudi branch stock item,TRUE,Oil Change Department,FILTER Oil,Liter,11.35,20,18,40,20,19,17.39130435
OIL FILTER ( HYUNDAI ) 505 big,فلتر زيت (هيونداي) 505 كبير,Saudi OIL,FLT-535,OIL FILTER ( HYUNDAI ) 505 big - Saudi branch stock item,FALSE,Oil Change Department,HYUNDAI Oil Filters,Pcs,11.75,20,18,40,20,11,17.39130435
Petromin Diesel Bermil 20W50,بترومين ديزل بيرميل 20W50,Saudi PETROMIN,OIL-536,Petromin Diesel Bermil 20W50 - Saudi branch stock item,TRUE,Oil Change Department,Petromin Oil,Liter,7.83,13,11,26,20,5,11.30434783
TOYOTA 10W30 Hadeed,تويوتا حديد 10W30,Saudi TOYOTA,OIL-537,TOYOTA 10W30 Hadeed - Saudi branch stock item,TRUE,Oil Change Department,TOYOTA Oil,Liter,12.71,17,15,34,20,4,14.7826087
PETROMIN 10W30,بترومين 10W30,Saudi PETROMIN,OIL-538,PETROMIN 10W30 - Saudi branch stock item,TRUE,Oil Change Department,Petromin Oil,Liter,13.96,18,16,36,20,5,15.65217391
FUCHS GEAR OIL CHANGE 140 (1 PRESS),تغيير زيت تروس فوكس 140 (ضغطة واحدة),Saudi FUCHS,OIL-539,FUCHS GEAR OIL CHANGE 140 (1 PRESS) - Saudi branch stock item,TRUE,Oil Change Department,Gear Oil,Liter,1.06,3,1,6,20,1,2.608695652
TOYOTA 15W40,تويوتا 15W40,Saudi TOYOTA,OIL-540,TOYOTA 15W40 - Saudi branch stock item,TRUE,Oil Change Department,TOYOTA Oil,Liter,14.75,19,17,38,20,4,16.52173913
OIL FILTER Toyota IRON D4,فلتر زيت تويوتا آيرون D4,Saudi OIL,FLT-541,OIL FILTER Toyota IRON D4 - Saudi branch stock item,FALSE,Oil Change Department,TOYOTA Oil Filters,Pcs,12.3,20,18,40,20,18,17.39130435
PETROMIN 20W50,بترومين 20W50,Saudi PETROMIN,OIL-542,PETROMIN 20W50 - Saudi branch stock item,TRUE,Oil Change Department,Petromin Oil,Liter,13.96,18,16,36,20,5,15.65217391
FUCHS 20W50,فوكس 20W50,Saudi FUCHS,OIL-543,FUCHS 20W50 - Saudi branch stock item,TRUE,Oil Change Department,FUCHS Oil,Liter,12.5,16.5,14.5,33,20,14,14.34782609
FUCHS 10W30,فوكس 10W30,Saudi FUCHS,OIL-544,FUCHS 10W30 - Saudi branch stock item,TRUE,Oil Change Department,FUCHS Oil,Liter,11.98,16.5,14.5,33,20,14,14.34782609
SHELL HILEX Ultra 5W30,شل هيلكس ألترا 5W30,Saudi SHELL,OIL-545,SHELL HILEX Ultra 5W30 - Saudi branch stock item,TRUE,Oil Change Department,Shell Oil,Liter,22.92,28,26,56,20,9,24.34782609
PETROMIN DIESEL 15W40,بترومين ديزل 15W40,Saudi PETROMIN,OIL-546,PETROMIN DIESEL 15W40 - Saudi branch stock item,TRUE,Oil Change Department,Petromin Oil,Liter,10.75,14,12,28,20,5,12.17391304
SHELL RIMULA 15W40,شل ريمولا 15W40,Saudi SHELL,OIL-547,SHELL RIMULA 15W40 - Saudi branch stock item,TRUE,Oil Change Department,Shell Oil,Liter,10.62,13.5,11.5,27,20,9,11.73913043
Filter Oil Diesel 15W40,زيت فلتر ديزل 15W40,Saudi FILTER,FLT-548,Filter Oil Diesel 15W40 - Saudi branch stock item,TRUE,Oil Change Department,FILTER Oil,Liter,9.62,13,11,26,20,19,11.30434783
TOYOTA 20W50,تويوتا 20W50,Saudi TOYOTA,OIL-549,TOYOTA 20W50 - Saudi branch stock item,TRUE,Oil Change Department,TOYOTA Oil,Liter,12.92,17,15,34,20,4,14.7826087
CASTROL 20W50,كاسترول 20W50,Saudi CASTROL,OIL-550,CASTROL 20W50 - Saudi branch stock item,TRUE,Oil Change Department,Castrol Oil,Liter,13.33,18,16,36,20,15,15.65217391
Filter Oil 10W30,زيت فلتر 10W30,Saudi FILTER,FLT-551,Filter Oil 10W30 - Saudi branch stock item,TRUE,Oil Change Department,FILTER Oil,Liter,9.15,15,13,30,20,19,13.04347826
FUCHS DIESEL 15W40,فوكس ديزل 15W40,Saudi FUCHS,OIL-552,FUCHS DIESEL 15W40 - Saudi branch stock item,TRUE,Oil Change Department,FUCHS Oil,Liter,9.9,13.5,11.5,27,20,14,11.73913043
SHELL HILEX 10W30,شل هايلكس 10W30,Saudi SHELL,OIL-553,SHELL HILEX 10W30 - Saudi branch stock item,TRUE,Oil Change Department,Shell Oil,Liter,13.82,18,16,36,20,9,15.65217391
Filter Oil 20W50,زيت فلتر 20W50,Saudi FILTER,FLT-554,Filter Oil 20W50 - Saudi branch stock item,TRUE,Oil Change Department,FILTER Oil,Liter,9.53,15,13,30,20,19,13.04347826
CASTROL 10W30,كاسترول 10W30,Saudi CASTROL,OIL-555,CASTROL 10W30 - Saudi branch stock item,TRUE,Oil Change Department,Castrol Oil,Liter,13.33,18,16,36,20,15,15.65217391
Black Oil,زيت أسود,Saudi BLACK,OIL-556,Black Oil - Saudi branch stock item,FALSE,Oil Change Department,Misc Products,Pcs,0.1,1,-1,2,20,3,0.869565217
